name,title,description,url,img_url
BBC News,2023/08/25 04:00 GMT,The latest five minute news bulletin from BBC World Service.,https://www.bbc.co.uk/programmes/w172z2qz8007597,https://ichef.bbci.co.uk/images/ic/1200x675/p060dh18.jpg
BBC News,Families sue government for failing to protect care homes from Covid,Relatives of residents who died with the virus are claiming damages for loss of life and distress caused.,https://www.bbc.co.uk/news/health-66582873,https://ichef.bbci.co.uk/news/1024/branded_news/24CB/production/_130891490_lizpromo.jpg
BBC News,OnlyFans owner gets $338m payout,"The platform says it now hosts more than three million creators, serving almost 240 million users.",https://www.bbc.co.uk/news/business-66612769,https://ichef.bbci.co.uk/news/1024/branded_news/15805/production/_130896088_gettyimages-1244045731.jpg
BBC News,2023/08/25 03:00 GMT,The latest five minute news bulletin from BBC World Service.,https://www.bbc.co.uk/programmes/w172z2qz80071k3,https://ichef.bbci.co.uk/images/ic/1200x675/p060dh18.jpg
BBC News,Trump surrenders at Georgia jail... in 74 seconds,The former US president turned himself in at the notorious Fulton County Jail.,https://www.bbc.co.uk/news/av/world-us-canada-66612220,https://ichef.bbci.co.uk/news/1024/branded_news/D3FD/production/_130896245_p0g8qv91.jpg
BBC News,Americans react to Donald Trump's mugshot,"Though the Georgia election case is the fourth criminal case against him, this is his first mugshot.",https://www.bbc.co.uk/news/world-us-canada-66612717,https://ichef.bbci.co.uk/news/1024/branded_news/2C05/production/_130896211_mugshot.png
BBC News,Rishi Sunak says pressure on the asylum system is unsustainable,"The cost of the asylum system has nearly doubled in a year to £4bn, government figures show.",https://www.bbc.co.uk/news/uk-66612663,https://ichef.bbci.co.uk/news/1024/branded_news/A06D/production/_130896014_officersre.jpg
BBC News,2023/08/25 02:00 GMT,The latest five minute news bulletin from BBC World Service.,https://www.bbc.co.uk/programmes/w172z2qz8006xsz,https://ichef.bbci.co.uk/images/ic/1200x675/p060dh18.jpg
BBC News,Historic Trump mugshot released in Georgia arrest in election plot case,A booking photo shows the former president glowering after he was booked at an Atlanta jailhouse.,https://www.bbc.co.uk/news/world-us-canada-66612345,https://ichef.bbci.co.uk/news/1024/branded_news/13C3F/production/_130895908_mugshot.jpg
BBC News,Canada considers foreign student cap over housing crisis,"The country is looking at ways tackle the housing affordability crisis, including capping student visas.",https://www.bbc.co.uk/news/world-us-canada-66600600,https://ichef.bbci.co.uk/news/1024/branded_news/142D8/production/_130884628_gettyimages-1252177175.jpg
BBC News,Gut problems may be early sign of Parkinson's disease,"Constipation, difficulty swallowing and irritable bowel symptoms are possible markers, say researchers.",https://www.bbc.co.uk/news/health-66604155,https://ichef.bbci.co.uk/news/1024/branded_news/AB1A/production/_104120834_gettyimages-686202492.jpg
BBC News,2023/08/25 01:00 GMT,The latest five minute news bulletin from BBC World Service.,https://www.bbc.co.uk/programmes/w172z2qz8006t1v,https://ichef.bbci.co.uk/images/ic/1200x675/p060dh18.jpg
BBC News,Africa's week in pictures: 18-24 August 2023,A selection of the best photos from the African continent and beyond.,https://www.bbc.co.uk/news/world-africa-66603513,https://ichef.bbci.co.uk/news/1024/branded_news/409B/production/_130893561_gettyimages-1631266923_egyptfest-1.jpg
BBC News,The Blackening: Film challenges horror movie tropes,A new film released on Friday examines and satirises the history of black people in horror films.,https://www.bbc.co.uk/news/entertainment-arts-66603343,https://ichef.bbci.co.uk/news/1024/branded_news/8FAA/production/_130887763_indexcrtheblackeningimages2.jpg
BBC News,Heart and Soul: 60 years since ‘I have a dream’,"Baptist minister Dr Martin Luther King Jr delivered his ""I have a dream"" speech on 28 August 1963 to crowds of over 250,000 in Washington DC as part of the Great March, which called for jobs and freedom for African Americans. It helped spur the passage of the…",https://www.bbc.co.uk/programmes/p0g8m8hv,https://ichef.bbci.co.uk/images/ic/1200x675/p0g8m8lt.jpg
BBC News,São Paulo's micro-houses keeping homeless families off the streets,The city of São Paulo has come up with a new idea in an attempt to solve its housing crisis.,https://www.bbc.co.uk/news/world-latin-america-66053560,https://ichef.bbci.co.uk/news/1024/branded_news/743F/production/_130895792_mediaitem130509781.jpg
BBC News,Maui County sues Hawaiian Electric over wildfire negligence,The energy firm is accused of not turning off electric equipment in high winds and dry conditions.,https://www.bbc.co.uk/news/world-us-canada-66612483,https://ichef.bbci.co.uk/news/1024/branded_news/176D7/production/_130895959_841d89a37d976fb408e802a188d11e64fc859ceb_2.jpg
BBC News,MPs' 'winding down' pay to double at next election,Money to help departing MPs close their offices will now cover four rather than two months.,https://www.bbc.co.uk/news/uk-politics-66612463,https://ichef.bbci.co.uk/news/1024/branded_news/35BF/production/_130895731_d30cd18351b6fbe847b6f64951224c593be93c5d.jpg
BBC News,2023/08/25 00:00 GMT,The latest five minute news bulletin from BBC World Service.,https://www.bbc.co.uk/programmes/w172z2qz8006p9q,https://ichef.bbci.co.uk/images/ic/1200x675/p060dh18.jpg
BBC News,88 UK deaths linked to Canada 'poison seller',"Kenneth Law is alleged to have sold lethal substance online to people in the UK, Canada and the US.",https://www.bbc.co.uk/news/world-us-canada-66609884,https://ichef.bbci.co.uk/news/1024/branded_news/9D4C/production/_129586204_microsoftteams-image-29.png
BBC News,"'Bronze last year, silver this year - next time, gold'","Britain's Matthew Hudson-Smith says he has ""big plans"" for next year after winning world 400m silver in Budapest.",https://www.bbc.co.uk/sport/athletics/66611560,https://ichef.bbci.co.uk/live-experience/cps/624/cpsprodpb/168C6/production/_130885329_gettyimages-1620845811.jpg
BBC News,Train strikes to hit major events like Reading and Leeds festivals,Visitors to the Reading and Leeds festivals and Notting Hill Carnival face disruption as rail workers walk out.,https://www.bbc.co.uk/news/business-66604271,https://ichef.bbci.co.uk/news/1024/branded_news/C629/production/_130892705_rail-gettyimages-1241479743.jpg
BBC News,"Sir Michael Parkinson had 'imposter syndrome', son says","The late presenter was also ""very insecure and wracked with self-doubt,"" Mike Parkinson says.",https://www.bbc.co.uk/news/entertainment-arts-66605926,https://ichef.bbci.co.uk/news/1024/branded_news/76DD/production/_130892403_gettyimages-108671486.jpg
BBC News,2023/08/24 23:00 GMT,The latest five minute news bulletin from BBC World Service.,https://www.bbc.co.uk/programmes/w172z2qz8006kkl,https://ichef.bbci.co.uk/images/ic/1200x675/p060dh18.jpg
BBC News,Menstrual blood tests could aid women's healthcare,Little is known about menstrual blood but some firms think testing it could improve healthcare.,https://www.bbc.co.uk/news/business-66463177,https://ichef.bbci.co.uk/news/1024/branded_news/17045/production/_130777249_1_menstrualbloodsamplesinqvinlab.jpg
BBC News,Energy price cap to fall but bills will stay high,A new cap on the price of each unit of energy will be announced later by regulator Ofgem.,https://www.bbc.co.uk/news/business-66607005,https://ichef.bbci.co.uk/news/1024/branded_news/1226D/production/_129794347_heatingnew.png
BBC News,"EU safety laws start to bite for TikTok, Instagram and others",Nineteen large platforms have to start complying with new rules as soon as Friday or risk big fines.,https://www.bbc.co.uk/news/technology-66604929,https://ichef.bbci.co.uk/news/1024/branded_news/FC75/production/_130892646_gettyimages-800758966.jpg
BBC News,Dean declined VAR call to save ref from 'grief',"Ex-referee Mike Dean failed to use VAR in a Premier League match to save fellow official Anthony Taylor from extra ""grief"".",https://www.bbc.co.uk/sport/football/66612570,https://ichef.bbci.co.uk/live-experience/cps/624/cpsprodpb/12FBF/production/_130895777_gettyimages-1398648853.jpg
BBC News,Hearts: Why Hearts are unbowed for turnaround task against PAOK in Greece,Hearts might be trailing after the first leg against PAOK in the Europa Conference League play-off but they remain full of belief.,https://www.bbc.co.uk/sport/football/66612430,https://ichef.bbci.co.uk/live-experience/cps/624/cpsprodpb/035B/production/_130895800_20839338.jpg
BBC News,BK Hacken 2-2 Aberdeen: Nicky Devlin 'owed' his side a performance after Celtic error,Aberdeen full-back Nicky Devlin says he owed his team-mates a moment like his goal against Hacken in their Europa League play-off tie.,https://www.bbc.co.uk/sport/football/66611142,https://ichef.bbci.co.uk/live-experience/cps/624/cpsprodpb/15E3B/production/_130895698_20839256-1.jpg
BBC News,McIlroy in contention despite back issue,Rory McIlroy overcomes a back problem to fire an even-par 70 and put himself in contention after the first round of the Tour Championship.,https://www.bbc.co.uk/sport/golf/66612385,https://ichef.bbci.co.uk/live-experience/cps/624/cpsprodpb/16287/production/_130895709_rorymcilroy.jpg
BBC News,Rohingya: Gang violence stalks world's largest refugee camp,"Six years after fleeing Myanmar, refugees are kept sleepless by nightly sounds of gunfire.",https://www.bbc.co.uk/news/world-asia-66569013,https://ichef.bbci.co.uk/news/1024/branded_news/11C3D/production/_130856727_cox'sbazaaroneboy.jpg
BBC News,Watch as Hearts fall to home defeat against PAOK,Hearts have it all to do in the second leg in Greece after falling to defeat to PAOK in the Europa Conference League play-off.,https://www.bbc.co.uk/sport/av/football/66612515,https://ichef.bbci.co.uk/news/1024/cpsprodpb/9F37/production/_130895704_p0g8qg9r.jpg
BBC News,2023/08/24 22:00 GMT,The latest five minute news bulletin from BBC World Service.,https://www.bbc.co.uk/programmes/w172z2qz8006ftg,https://ichef.bbci.co.uk/images/ic/1200x675/p060dh18.jpg
BBC News,"Friday's gossip: Hazard, Toney, Tierney, Balogun, Evans, Johnson, Dier, Nunes","Crystal Palace want to tempt Eden Hazard to Selhurst Park, Brentford set Ivan Toney £80m price tag, Arsenal agree Folarin Balogun fee with Monaco, plus more.",https://www.bbc.co.uk/sport/66608584,https://ichef.bbci.co.uk/live-experience/cps/624/cpsprodpb/3D2B/production/_130895651_edenhazard.png
BBC News,Nike Mary Earps kit U-turn shocks teen who set up petition,"More than 150,000 signed a petition started by a teen urging Nike to sell goalie kit.",https://www.bbc.co.uk/news/uk-england-northamptonshire-66609704,https://ichef.bbci.co.uk/news/1024/branded_news/261F/production/_130895790_untitled-3.jpg
BBC News,Wisbech farm claims UK record-breaking year for watermelons,"The Wisbech farm doubles production of watermelons, despite the ""challenging"" British weather.",https://www.bbc.co.uk/news/uk-england-cambridgeshire-66609773,https://ichef.bbci.co.uk/news/1024/branded_news/CB3D/production/_130892025_b611563900547e99b83883b3e4465a5e6f7b7fc9.jpg
BBC News,Dad had a stroke but his symptoms were different,A devastated family wants better awareness of the less well-known signs of a stroke.,https://www.bbc.co.uk/news/uk-scotland-66605137,https://ichef.bbci.co.uk/news/1024/branded_news/168EE/production/_130889329_tony.jpg
BBC News,Battle over short-term lets as licensing deadline nears,Scotland's tourism operators are calling for a pause on plans to license short-term accommodation.,https://www.bbc.co.uk/news/uk-scotland-66605329,https://ichef.bbci.co.uk/news/1024/branded_news/15392/production/_126903968__121772272_pa-60662743.jpg
BBC News,How my dad rescued a stolen £40m da Vinci masterpiece,"Twenty years on, Olivia Graham tells how her dad helped return a stolen masterpiece - then got arrested.",https://www.bbc.co.uk/news/uk-scotland-66531242,https://ichef.bbci.co.uk/news/1024/branded_news/FFC5/production/_130877456_pa-8729488.jpg
BBC News,PFI 'buy back' deals to cost taxpayer millions,Private financiers will bank transfer fees when a string of PFI contracts for public buildings in Scotland end.,https://www.bbc.co.uk/news/uk-scotland-66543735,https://ichef.bbci.co.uk/news/1024/branded_news/1868A/production/_117687999_eri.jpg
BBC News,Sepsis: Perforated bowel Barry mum told to drink tea,The health board that treated Farrah Moseley-Brown admits failings in her care.,https://www.bbc.co.uk/news/uk-wales-66604977,https://ichef.bbci.co.uk/news/1024/branded_news/A148/production/_130888214_whatsappimage2023-08-12at154436.jpg
BBC News,"Why the Atlanta mugshots are so, so bad",Booking photos of Donald Trump's co-conspirators are a professional photographer's worst nightmare.,https://www.bbc.co.uk/news/world-us-canada-66612433,https://ichef.bbci.co.uk/news/1024/branded_news/69B2/production/_130885072_rudy.jpg
BBC News,Man Utd's Shaw set for extended spell on sidelines,Manchester United defender Luke Shaw is set for an extended period on the sidelines after suffering a muscle injury.,https://www.bbc.co.uk/sport/football/66611865,https://ichef.bbci.co.uk/live-experience/cps/624/cpsprodpb/16093/production/_130895209_lukeshaw.jpg
BBC News,'I had glass in my eye' - Jamaica's Hudson after buggy crash,Jamaica's Andrew Hudson is left with shards of glass in his eye after two buggies transporting athletes crashed at the World Athletics Championships.,https://www.bbc.co.uk/sport/athletics/66612305,https://ichef.bbci.co.uk/live-experience/cps/624/cpsprodpb/107E7/production/_130895576_gettyimages-1636376453.jpg
BBC News,Donald Trump due back in court in Georgia,"Former US president Donald Trump is surrender in the US state of Georgia to face charges of trying to overturn his 2020 election loss in the state.

The current frontrunner for the Republican nomination for next year's presidential election will likely be fin…",https://www.bbc.co.uk/programmes/w172z09ksb62vkm,https://ichef.bbci.co.uk/images/ic/1200x675/p0g8q0hm.jpg
BBC News,2023/08/24 21:00 GMT,The latest five minute news bulletin from BBC World Service.,https://www.bbc.co.uk/programmes/w172z2qz8006b2b,https://ichef.bbci.co.uk/images/ic/1200x675/p060dh18.jpg
BBC News,Ashley Dale: Man charged with murder after woman shot in garden,"Ian Fitzgibbon, 28, has been charged with the murder of Ashley Dale in Liverpool last August.",https://www.bbc.co.uk/news/uk-england-merseyside-66612093,https://ichef.bbci.co.uk/news/1024/branded_news/B6DF/production/_130851864_d7df09864b424cfdde98264644f441fd1d2432ce.jpg
BBC News,Britain's Dart out of US Open qualifying,Briton Harriet Dart's hopes of reaching the US Open are over after a straight-set defeat by Yanina Wickmayer on a rain-hit day of qualifying in New York.,https://www.bbc.co.uk/sport/tennis/66612129,https://ichef.bbci.co.uk/live-experience/cps/624/cpsprodpb/1615B/production/_130895409_gettyimages-1501665654.jpg
BBC News,Smeed's stunning catch leads Hundred plays of the day,"Watch the best plays from the final group stage matches of The Hundred 2023, featuring stunning catches by Birmingham Phoenix's Will Smeed and London Spirit's Amelia Kerr.",https://www.bbc.co.uk/sport/av/cricket/66611722,https://ichef.bbci.co.uk/news/1024/cpsprodpb/5ADB/production/_130895232_p0g8q0pp.jpg
BBC News,Phoenix crush Spirit to end Hundred group stage,Birmingham Phoenix beat London Spirit by 77 runs as The Hundred group stages come to an end.,https://www.bbc.co.uk/sport/cricket/66608987,https://ichef.bbci.co.uk/live-experience/cps/624/cpsprodpb/3F01/production/_130892161_gettyimages-1636425758.jpg
BBC News,2023/08/24 20:00 GMT,The latest five minute news bulletin from BBC World Service.,https://www.bbc.co.uk/programmes/w172z2qz80066b6,https://ichef.bbci.co.uk/images/ic/1200x675/p060dh18.jpg
BBC News,The Hundred 2023: Birmingham Phoenix's Adam Milne dismisses Matthew Wade with stunning delivery,Birmingham Phoenix bowler Adam Milne removes London Spirit batter Matthew Wade with a stunning delivery at Edgbaston in The Hundred.,https://www.bbc.co.uk/sport/av/cricket/66611716,https://ichef.bbci.co.uk/news/1024/cpsprodpb/14153/production/_130895228_p0g8pvnw.jpg
BBC News,GB's Hudson-Smith takes silver as Watson wins world title,"Watch Jamaica's Antonio Watson finish strong to win gold in the men's 400 metres at the World Athletics Championships, with Great Britain's Matthew Hudson-Smith finishing second.",https://www.bbc.co.uk/sport/av/athletics/66611822,https://ichef.bbci.co.uk/news/1024/cpsprodpb/7697/production/_130895303_p0g8pxj1.jpg
BBC News,Hudson-Smith claims 400m silver as Watson wins,Britain's Matthew Hudson-Smith claims 400m silver at the World Championships as he finishes 0.09 seconds behind Antonio Watson.,https://www.bbc.co.uk/sport/athletics/66611557,https://ichef.bbci.co.uk/live-experience/cps/624/cpsprodpb/11787/production/_124395517_bbcbreakingnewsgraphic.jpg
BBC News,Comic overwhelmed as millions watch slo-mo footballer routine,Karl Porter's impression of a footballer's celebration has been shared widely on social media.,https://www.bbc.co.uk/news/av/uk-england-manchester-66611893,https://ichef.bbci.co.uk/news/1024/branded_news/461D/production/_130894971_p0g8ptvv.jpg
BBC News,Wilko: Canadian investor in last-ditch talks over chain,Final offers to save the 90-year-old retail chain must be submitted by Friday.,https://www.bbc.co.uk/news/business-66610726,https://ichef.bbci.co.uk/news/1024/branded_news/14CD3/production/_130630258_wilko_alamy.jpg
BBC News,Fan falls over railings attempting catch at Edgbaston,Watch as a spectator takes a tumble over the railings while attempting to take a catch during The Hundred match between Birmingham Phoenix and London Spirit at Edgbaston.,https://www.bbc.co.uk/sport/av/cricket/66611713,https://ichef.bbci.co.uk/news/1024/cpsprodpb/F333/production/_130895226_p0g8pv1l.jpg
BBC News,Rugby World Cup warm-up: New Zealand v South Africa at Twickenham,Follow live text commentary as New Zealand play reigning World Cup holders South Africa in a pre-tournament warm-up game.,https://www.bbc.co.uk/sport/live/rugby-union/66376665,https:////m.files.bbci.co.uk/modules/bbc-morph-sport-seo-meta/1.23.3/images/bbc-sport-logo.png
BBC News,Man Utd reject bid for England goalkeeper Earps,Manchester United Women reject a significant offer from an unnamed club for England goalkeeper Mary Earps.,https://www.bbc.co.uk/sport/football/66611861,https://ichef.bbci.co.uk/live-experience/cps/624/cpsprodpb/EB63/production/_130895206_maryearps.jpg
BBC News,Watch: World Athletics Championships - day seven,"Follow live coverage from day seven of the World Athletics Championships in Budapest with GB's Dina Asher-Smith, Keely Hodgkinson and Zharnel Hughes in action plus Noah Lyles.",https://www.bbc.co.uk/sport/live/athletics/65740177,https:////m.files.bbci.co.uk/modules/bbc-morph-sport-seo-meta/1.23.3/images/bbc-sport-logo.png
BBC News,Putin breaks silence over Prigozhin's reported death,"The Russian president says the Wagner group boss was a ""talented person"" who made ""serious mistakes"".",https://www.bbc.co.uk/news/world-europe-66609678,https://ichef.bbci.co.uk/news/1024/branded_news/11719/production/_130894417_a48860478bf5c41a14b01c8bd69555cca32bf2dd-1.jpg
BBC News,GB's Hughes finishes second to reach 200m final,Watch as Great Britain's Zharnel Hughes finishes second in his semi-final to qualify for the men's 200m final behind USA's Erriyon Knighton.,https://www.bbc.co.uk/sport/av/athletics/66608315,https://ichef.bbci.co.uk/news/1024/cpsprodpb/D38F/production/_130895145_p0g8prfk.jpg
BBC News,2023/08/24 19:00 GMT,The latest five minute news bulletin from BBC World Service.,https://www.bbc.co.uk/programmes/w172z2qz80062l2,https://ichef.bbci.co.uk/images/ic/1200x675/p060dh18.jpg
BBC News,'I don't care about the final' - Williams celebrates landmark PB,"Great Britain's Bianca Williams says she is ""over the moon"" to run 22.45 seconds, her first personal best since 2014 and below the 200m women's qualifying standard for the 2024 Olympics Games.",https://www.bbc.co.uk/sport/av/athletics/66608309,https://ichef.bbci.co.uk/news/1024/cpsprodpb/15413/production/_130895078_p0g8pq2r.jpg
BBC News,GB's Asher-Smith and Neita qualify for 200m final,"Watch all three women's 200m semi-finals, as Great Britain's Dina Asher-Smith and Daryll Neita qualify for the final.",https://www.bbc.co.uk/sport/av/athletics/66608308,https://ichef.bbci.co.uk/news/1024/cpsprodpb/105F3/production/_130895076_p0g8pmzj.jpg
BBC News,Watch: Buggy carrying athletes to stadium crashes,Watch the moment two buggies - one carrying some of the 200m semi-finalists collide - in an accident on the way to the stadium at the World Athletics Championships in Budapest.,https://www.bbc.co.uk/sport/av/athletics/66608307,https://ichef.bbci.co.uk/news/1024/cpsprodpb/B7D3/production/_130895074_buggycrashstill.jpg
BBC News,Watch: Fielders collide trying to stop boundary,Watch as Birmingham Phoenix batter Jamie Smith is dropped on 39 after a collision between two London Spirit fielders in The Hundred at Edgbaston.,https://www.bbc.co.uk/sport/av/cricket/66610090,https://ichef.bbci.co.uk/news/1024/cpsprodpb/535B/production/_130893312_p0g8pkfp.jpg
BBC News,Bradford student passes maths GCSE after 13 years and four attempts,Bradford teaching assistant Jess Ward can pursue her dream of becoming a fully qualified teacher.,https://www.bbc.co.uk/news/uk-england-leeds-66609459,https://ichef.bbci.co.uk/news/1024/branded_news/0E91/production/_130892730_58537a276043a048292619ac47ddcf442260744f.jpg
BBC News,Mohamed Salah: Liverpool say forward is not for sale amid Saudi links,Liverpool say forward Mohamed Salah is not for sale amid fresh speculation linking him with a move to the Saudi Pro League.,https://www.bbc.co.uk/sport/football/66609949,https://ichef.bbci.co.uk/live-experience/cps/624/cpsprodpb/15CFB/production/_130893398_mohamedsalah.jpg
BBC News,Ros Atkins on... potential causes of the Prigozhin plane crash,The BBC's Analysis Editor takes a look at four different potential causes of the plane crash.,https://www.bbc.co.uk/news/av/world-europe-66609380,https://ichef.bbci.co.uk/news/1024/branded_news/15E1D/production/_130892698_p0g8pld7.jpg
BBC News,Brooke Norton-Cuffy: Arsenal full-back joins Millwall on loan,Championship club Millwall sign 19-year-old Arsenal right-back Brooke Norton-Cuffy on loan until the end of the season.,https://www.bbc.co.uk/sport/football/66609533,https://ichef.bbci.co.uk/live-experience/cps/624/cpsprodpb/1591D/production/_130894388_gettyimages-1525861397.jpg
BBC News,2023/08/24 18:00 GMT,The latest five minute news bulletin from BBC World Service.,https://www.bbc.co.uk/programmes/w172z2qz8005yty,https://ichef.bbci.co.uk/images/ic/1200x675/p060dh18.jpg
BBC News,Ailish Walsh: Man who murdered pregnant girlfriend with scissors jailed,Ailish Walsh was 22 weeks pregnant when boyfriend Liam Taylor stabbed her more than 40 times.,https://www.bbc.co.uk/news/uk-england-london-66607515,https://ichef.bbci.co.uk/news/1024/branded_news/148C8/production/_130886148_18700483_1559509604083449_1916958428164355518_o.jpg
BBC News,Jennie Gow: BBC Sport presenter says 'supportive' F1 paddock will help her return at Dutch Grand Prix,"BBC Sport presenter Jennie Gow says the ""supportive"" atmosphere of Formula 1 will help her as she returns to the paddock at the Dutch Grand Prix.",https://www.bbc.co.uk/sport/formula1/66607913,https://ichef.bbci.co.uk/live-experience/cps/624/cpsprodpb/B5C1/production/_130892564_jennie.jpg
BBC News,England women thrashed by Dutch in EuroHockey semi,England's women suffer a 7-0 defeat by the Netherlands in their EuroHockey semi-final in Monchengladbach.,https://www.bbc.co.uk/sport/hockey/66609930,https://ichef.bbci.co.uk/live-experience/cps/624/cpsprodpb/5685/production/_130894122_gettyimages-1620378804.jpg
BBC News,Courtney Lawes: England vice-captain worried if his body would reach 100 caps,England's Courtney Lawes worried if his body could make it to 100 caps with the flanker set to reach the milestone on Saturday by captaining England against Fiji.,https://www.bbc.co.uk/sport/rugby-union/66608328,https://ichef.bbci.co.uk/live-experience/cps/624/cpsprodpb/29F3/production/_130893701_gettyimages-1627197424.jpg
BBC News,Edinburgh film festival ends troubled year with hope,"After the most difficult period in its 76-year history, the festival's latest programme has drawn to a close.",https://www.bbc.co.uk/news/uk-scotland-66609913,https://ichef.bbci.co.uk/news/1024/branded_news/14C93/production/_130893158_11irvinewelsh.jpg
BBC News,Kerr takes diving catch - then makes an even better one,Watch as London Spirit's Amelia Kerr takes two diving catches in a convincing 73-run victory over Birmingham Phoenix at Edgbaston in The Hundred.,https://www.bbc.co.uk/sport/av/cricket/66608723,https://ichef.bbci.co.uk/news/1024/cpsprodpb/16AA7/production/_130893829_p0g8p26p.jpg
BBC News,Listen: Super League & Championship - commentary from four games,Listen to local BBC radio commentaries from four games in Super League and the Championship.,https://www.bbc.co.uk/sport/live/rugby-league/66479171,https:////m.files.bbci.co.uk/modules/bbc-morph-sport-seo-meta/1.23.3/images/bbc-sport-logo.png
BBC News,Listen: National League - Southend United v Eastleigh,Listen to BBC radio commentary as Southend United take on Eastleigh in the National League.,https://www.bbc.co.uk/sport/live/football/66492363,https:////m.files.bbci.co.uk/modules/bbc-morph-sport-seo-meta/1.23.3/images/bbc-sport-logo.png
BBC News,Listen: One-Day Cup quarter-final - Gloucestershire v Lancashire,Listen to BBC radio commentary from Gloucestershire v Lancashire in the One-Day Cup quarter-finals.,https://www.bbc.co.uk/sport/live/cricket/65021198,https:////m.files.bbci.co.uk/modules/bbc-morph-sport-seo-meta/1.23.3/images/bbc-sport-logo.png
BBC News,Prigozhin: Vladimir Putin breaks silence over plane crash,"The Russian president offered ""sincere condolences"" to the family of those killed in the crash.",https://www.bbc.co.uk/news/av/world-europe-66611281,https://ichef.bbci.co.uk/news/1024/branded_news/E8ED/production/_130892695_p0g8p6q7.jpg
BBC News,Leeds closing in on Swansea striker Piroe,Leeds United are closing in on Swansea City striker Joel Piroe.,https://www.bbc.co.uk/sport/football/66602738,https://ichef.bbci.co.uk/live-experience/cps/624/cpsprodpb/17899/production/_130890469_cdf_120823_wba_v_swansea_46.jpg
BBC News,2023/08/24 17:00 GMT,The latest five minute news bulletin from BBC World Service.,https://www.bbc.co.uk/programmes/w172z2qz8005v2t,https://ichef.bbci.co.uk/images/ic/1200x675/p060dh18.jpg
BBC News,Stephen Farrow: Psychopathic double-murderer dies in jail,Stephen Farrow murdered Reverend John Suddards and Betty Yates in two killings weeks apart in 2012.,https://www.bbc.co.uk/news/uk-england-bristol-66610046,https://ichef.bbci.co.uk/news/1024/branded_news/CC7D/production/_130894325_farrow.jpg
BBC News,Premier League fantasy football tips: Should Raheem Sterling get the nod as captain this week?,"It would take a brave manager to yank the captain's armband away from Erling Haaland, but is Raheem Sterling worth a punt? Alistair Bruce-Ball previews gameweek three.",https://www.bbc.co.uk/sport/football/66606934,https://ichef.bbci.co.uk/live-experience/cps/624/cpsprodpb/0455/production/_130890110_sterlingfantasyfootballgw3.jpg
BBC News,Man City sign winger Doku from Rennes for £55.4m,Manchester City complete the £55.4m signing of Belgium winger Jeremy Doku from Rennes on a five-year contract.,https://www.bbc.co.uk/sport/football/66602774,https://ichef.bbci.co.uk/live-experience/cps/624/cpsprodpb/11787/production/_124395517_bbcbreakingnewsgraphic.jpg
BBC News,US government sues Elon Musk's SpaceX over hiring policy,The US Department of Justice says rocket firm discriminated against refugees and asylum seekers.,https://www.bbc.co.uk/news/business-66610725,https://ichef.bbci.co.uk/news/1024/branded_news/D065/production/_130894335_gettyimages-1171862745.jpg
BBC News,Five takeaways from this year's GCSE results,England's exams watchdog said this year was about returning to normal - but it's not quite there.,https://www.bbc.co.uk/news/education-66476095,https://ichef.bbci.co.uk/news/1024/branded_news/411C/production/_130886661_whatsappimage2023-08-24at08.06.16.jpg
BBC News,Cardiff defender Ng signs new contract,Defender Perry Ng signs a contract extension with Cardiff City that extends until the summer of 2026.,https://www.bbc.co.uk/sport/football/66605284,https://ichef.bbci.co.uk/live-experience/cps/624/cpsprodpb/1839D/production/_130892299_cdf_220423_cardiff_v_stoke_48.jpg
BBC News,Trump live updates - mugshot released after booking at Georgia jail - BBC News,"The former president surrendered at Fulton County jail and was released on $200,000 bond.",https://www.bbc.co.uk/news/live/world-us-canada-66605845,https://m.files.bbci.co.uk/modules/bbc-morph-news-waf-page-meta/5.3.0/bbc_news_logo.png
BBC News,Where was Prigozhin before the crash?,The Wagner boss is presumed dead in a jet crash. But what do we know about his movements before then?,https://www.bbc.co.uk/news/world-europe-66609273,https://ichef.bbci.co.uk/news/1024/branded_news/E31B/production/_130893185_prigozhin_speaking.jpg
BBC News,Murray faces France's Moutet in US Open,Britain's Andy Murray will play France's Corentin Moutet in the US Open first round as he starts his latest bid to go deep at a Grand Slam.,https://www.bbc.co.uk/sport/tennis/66589449,https://ichef.bbci.co.uk/live-experience/cps/624/cpsprodpb/138B1/production/_130894008_murray_hit.jpg
BBC News,Blackburn man who murdered stranger on her doorstep jailed,"Anthony Stinson attacked Charlotte Wilcock at her home despite having never met her before, police say.",https://www.bbc.co.uk/news/uk-england-lancashire-66607602,https://ichef.bbci.co.uk/news/1024/branded_news/D78E/production/_128928155_f4bee117-d553-41c1-b546-baa45e52986d.jpg
BBC News,Crooked House: Arson arrests in pub fire probe,Two men are in police custody on suspicion of arson with intent to endanger life.,https://www.bbc.co.uk/news/uk-england-birmingham-66608279,https://ichef.bbci.co.uk/news/1024/branded_news/8284/production/_130821433_crookedhousefire.jpg
BBC News,The Hundred 2023: Grace Harris sets up London Spirit victory over winless Birmingham Phoenix,Grace Harris powers London Spirit to a winning total before bottom side Birmingham Phoenix collapse to end the season without a win.,https://www.bbc.co.uk/sport/cricket/66607159,https://ichef.bbci.co.uk/live-experience/cps/624/cpsprodpb/0CA7/production/_130893230_gettyimages-1636033901.jpg
BBC News,Red Bull 'very difficult' to catch before 2026 - Leclerc,"Ferrari's Charles Leclerc says it will be ""very, very difficult"" to catch Red Bull before the end of the current set of Formula 1 regulations in 2025.",https://www.bbc.co.uk/sport/formula1/66607917,https://ichef.bbci.co.uk/live-experience/cps/624/cpsprodpb/2F6B/production/_130893121_maxcharles.jpg
BBC News,Brics summit: Is a new bloc emerging to rival US leadership?,"The expanding Brics club of nations, seen as a counter to the West, could challenge US dominance.",https://www.bbc.co.uk/news/world-africa-66609633,https://ichef.bbci.co.uk/news/1024/branded_news/18267/production/_130891989_gettyimages-1635773992.jpg
BBC News,"Trams firm fined £240,000 over pedestrian death",Bus driver Carlos Correa Palacio was struck at a crossing in Edinburgh while walking home.,https://www.bbc.co.uk/news/uk-scotland-edinburgh-east-fife-66604510,https://ichef.bbci.co.uk/news/1024/branded_news/F6C1/production/_103396136_mediaitem103396135.jpg
