book,character
Category:Baptism of Fire characters,Adalia
Category:Baptism of Fire characters,Adela
Category:Baptism of Fire characters,Aen Saevherne
Category:Baptism of Fire characters,Aevenien
Category:Baptism of Fire characters,Aglaïs
Category:Baptism of Fire characters,Albrich
Category:Baptism of Fire characters,Amavet
Category:Baptism of Fire characters,Angus Bri Cri
Category:Baptism of Fire characters,Anna Kameny
Category:Baptism of Fire characters,Anzelm Aubry
Category:Baptism of Fire characters,Artaud Terranova
Category:Baptism of Fire characters,Asse
Category:Baptism of Fire characters,Assire var Anahid
Category:Baptism of Fire characters,Aubry (first born)
Category:Baptism of Fire characters,Augusta Wagner
Category:Baptism of Fire characters,Baron of Casadei
Category:Baptism of Fire characters,Beatrix of Kovir
Category:Baptism of Fire characters,Bronik
Category:Baptism of Fire characters,Brouver Hoog
Category:Baptism of Fire characters,Cahir Mawr Dyffryn aep Ceallach
Category:Baptism of Fire characters,Calanthe
Category:Baptism of Fire characters,Caleb Stratton
Category:Baptism of Fire characters,Carduin
Category:Baptism of Fire characters,Ceallach aep Gruffyd
Category:Baptism of Fire characters,Cerro
Category:Baptism of Fire characters,Ciaran aep Dearbh
Category:Baptism of Fire characters,Ciri
Category:Baptism of Fire characters,Cirilla Fiona (imposter)
Category:Baptism of Fire characters,Codringher
Category:Baptism of Fire characters,Coinneach Dá Reo
Category:Baptism of Fire characters,Connor
Category:Baptism of Fire characters,Coram I
Category:Baptism of Fire characters,Coram II
Category:Baptism of Fire characters,Corbett
Category:Baptism of Fire characters,Cosmo Baldenvegg
Category:Baptism of Fire characters,Count Lanier
Category:Baptism of Fire characters,Cregennan of Lod
Category:Baptism of Fire characters,Crispin
Category:Baptism of Fire characters,Dagorad
Category:Baptism of Fire characters,Dandelion
Category:Baptism of Fire characters,Daniel Etcheverry
Category:Baptism of Fire characters,Demavend III
Category:Baptism of Fire characters,Echel Traighlethan
Category:Baptism of Fire characters,Effenberg
Category:Baptism of Fire characters,Eithné
Category:Baptism of Fire characters,Elan Trahe
Category:Baptism of Fire characters,Elen of Kaedwen
Category:Baptism of Fire characters,Emhyr var Emreis
Category:Baptism of Fire characters,Emiel Regis Rohellec Terzieff-Godefroy
Category:Baptism of Fire characters,Ethain
Category:Baptism of Fire characters,Falka
Category:Baptism of Fire characters,Falka (alias)
Category:Baptism of Fire characters,Fauve
Category:Baptism of Fire characters,Field Marshal Windbag
Category:Baptism of Fire characters,Figgis Merluzzo
Category:Baptism of Fire characters,Fiona
Category:Baptism of Fire characters,Flourens Delannoy
Category:Baptism of Fire characters,Francesca Findabair
Category:Baptism of Fire characters,Fringilla Vigo
Category:Baptism of Fire characters,Geralt of Rivia
Category:Baptism of Fire characters,Gerhart of Aelle
Category:Baptism of Fire characters,Giselher
Category:Baptism of Fire characters,Goidemar
Category:Baptism of Fire characters,Havekar
Category:Baptism of Fire characters,Hector Laabs
Category:Baptism of Fire characters,Hedwig of Malleore
Category:Baptism of Fire characters,Henselt
Category:Baptism of Fire characters,Houtborg triplets
Category:Baptism of Fire characters,Ida Emean aep Sivney
Category:Baptism of Fire characters,Iorweth
Category:Baptism of Fire characters,Isengrim Faoiltiarna
Category:Baptism of Fire characters,Iskra
Category:Baptism of Fire characters,Istredd
Category:Baptism of Fire characters,Ithlinne
Category:Baptism of Fire characters,Jacob Fenn
Category:Baptism of Fire characters,Jan Lennep
Category:Baptism of Fire characters,Jan Struycken
Category:Baptism of Fire characters,Jolie Lanier
Category:Baptism of Fire characters,Kayleigh
Category:Baptism of Fire characters,Keira Metz
Category:Baptism of Fire characters,Kolda
Category:Baptism of Fire characters,Lara Dorren
Category:Baptism of Fire characters,Leo Bonhart
Category:Baptism of Fire characters,Leticia Charbonneau
Category:Baptism of Fire characters,Lucretia Vigo
Category:Baptism of Fire characters,Margarita Laux-Antille
Category:Baptism of Fire characters,Merlin
Category:Baptism of Fire characters,Meve
Category:Baptism of Fire characters,Milenka
Category:Baptism of Fire characters,Millet
Category:Baptism of Fire characters,Milva
Category:Baptism of Fire characters,Mistle
Category:Baptism of Fire characters,Morteisen
Category:Baptism of Fire characters,Munro Bruys
Category:Baptism of Fire characters,Muriel
Category:Baptism of Fire characters,Mykitka
Category:Baptism of Fire characters,Nazarian
Category:Baptism of Fire characters,Nimue verch Wledyr ap Gwyn
Category:Baptism of Fire characters,Ori Reuven
Category:Baptism of Fire characters,Orla
Category:Baptism of Fire characters,Papebrock
Category:Baptism of Fire characters,Percival Schuttenbach
Category:Baptism of Fire characters,Philippa Eilhart
Category:Baptism of Fire characters,Pinto
Category:Baptism of Fire characters,Radovid V
Category:Baptism of Fire characters,Reef
Category:Baptism of Fire characters,Reynard Odo
Category:Baptism of Fire characters,Riannon
Category:Baptism of Fire characters,Rience
Category:Baptism of Fire characters,Riordain
Category:Baptism of Fire characters,Roach
Category:Baptism of Fire characters,Robert of Garramone
Category:Baptism of Fire characters,Roger Kameny
Category:Baptism of Fire characters,Sabrina Glevissig
Category:Baptism of Fire characters,Schirrú
Category:Baptism of Fire characters,Servadio
Category:Baptism of Fire characters,Sheala de Tancarville
Category:Baptism of Fire characters,Shilard Fitz-Oesterlen
Category:Baptism of Fire characters,Sievers
Category:Baptism of Fire characters,Sigismund Dijkstra
Category:Baptism of Fire characters,Silvester Bugiardo
Category:Baptism of Fire characters,Simlas Finn aep Dabairr
Category:Baptism of Fire characters,Sirssa
Category:Baptism of Fire characters,Stefan Skellen
Category:Baptism of Fire characters,Stella Congreve
Category:Baptism of Fire characters,Stribog
Category:Baptism of Fire characters,Stucco Zangenis
Category:Baptism of Fire characters,Talbot
Category:Baptism of Fire characters,Tissaia de Vries
Category:Baptism of Fire characters,Toruviel
Category:Baptism of Fire characters,Triss Merigold
Category:Baptism of Fire characters,Tugdual
Category:Baptism of Fire characters,Tuzik
Category:Baptism of Fire characters,Vanadain
Category:Baptism of Fire characters,Vascoigne
Category:Baptism of Fire characters,Vattier de Rideaux
Category:Baptism of Fire characters,Vera Loewenhaupt
Category:Baptism of Fire characters,Vilgefortz
Category:Baptism of Fire characters,Vissegerd
Category:Baptism of Fire characters,Vizimir II
Category:Baptism of Fire characters,Vreemde
Category:Baptism of Fire characters,Vridank
Category:Baptism of Fire characters,Xarthisius
Category:Baptism of Fire characters,Yazon Varda
Category:Baptism of Fire characters,Yennefer of Vengerberg
Category:Baptism of Fire characters,Zgarba
Category:Baptism of Fire characters,Zoltan Chivay
Category:Blood of Elves characters,Blood of Elves minor characters
Category:Blood of Elves characters,Abrad the Old Oak
Category:Blood of Elves characters,Aelirenn
Category:Blood of Elves characters,Agnes of Glanville
Category:Blood of Elves characters,Anna Tiller
Category:Blood of Elves characters,Anséis
Category:Blood of Elves characters,Artaud Terranova
Category:Blood of Elves characters,Axel Esparza
Category:Blood of Elves characters,Boatbug
Category:Blood of Elves characters,Boratek
Category:Blood of Elves characters,Bronibor
Category:Blood of Elves characters,Cahir Mawr Dyffryn aep Ceallach
Category:Blood of Elves characters,Calanthe
Category:Blood of Elves characters,Carduin
Category:Blood of Elves characters,Carla Demetia Crest
Category:Blood of Elves characters,Ciri
Category:Blood of Elves characters,Coën
Category:Blood of Elves characters,Crach an Craite
Category:Blood of Elves characters,Dandelion
Category:Blood of Elves characters,Demavend III
Category:Blood of Elves characters,Dezmod
Category:Blood of Elves characters,Donimir of Troy
Category:Blood of Elves characters,Duke de Ruyter
Category:Blood of Elves characters,Edmund Bumbler
Category:Blood of Elves characters,Eist Tuirseach
Category:Blood of Elves characters,Ekkehard of Sodden
Category:Blood of Elves characters,Emhyr var Emreis
Category:Blood of Elves characters,Ervyll
Category:Blood of Elves characters,Eskel
Category:Blood of Elves characters,Essi Daven
Category:Blood of Elves characters,Esterad Thyssen
Category:Blood of Elves characters,Ethain
Category:Blood of Elves characters,Eurneid
Category:Blood of Elves characters,Everett
Category:Blood of Elves characters,Fercart
Category:Blood of Elves characters,Flavius Michelet
Category:Blood of Elves characters,Foltest
Category:Blood of Elves characters,Francesca Findabair
Category:Blood of Elves characters,Geoffrey Monck
Category:Blood of Elves characters,Geralt of Rivia
Category:Blood of Elves characters,Gerhart of Aelle
Category:Blood of Elves characters,Giambattista
Category:Blood of Elves characters,Griffin of Temeria
Category:Blood of Elves characters,Gruzila
Category:Blood of Elves characters,Henselt
Category:Blood of Elves characters,Herbert Stammelford
Category:Blood of Elves characters,Hereward
Category:Blood of Elves characters,Hrosvitha
Category:Blood of Elves characters,Iola
Category:Blood of Elves characters,Iola the Second
Category:Blood of Elves characters,Ironware
Category:Blood of Elves characters,Ithlinne
Category:Blood of Elves characters,Ivo Richert
Category:Blood of Elves characters,Jan Bekker
Category:Blood of Elves characters,Jarre
Category:Blood of Elves characters,Katje
Category:Blood of Elves characters,Keira Metz
Category:Blood of Elves characters,Kistrin
Category:Blood of Elves characters,Lambert
Category:Blood of Elves characters,Linus Pitt
Category:Blood of Elves characters,Lodovico Michelet
Category:Blood of Elves characters,Lucas Corto
Category:Blood of Elves characters,Lydia van Bredevoort
Category:Blood of Elves characters,Lytta Neyd
Category:Blood of Elves characters,Mama Lantieri
Category:Blood of Elves characters,Maria Louisa La Valette
Category:Blood of Elves characters,Marquis La Creahme
Category:Blood of Elves characters,Medell
Category:Blood of Elves characters,Menno Coehoorn
Category:Blood of Elves characters,Meve
Category:Blood of Elves characters,Michelet brothers
Category:Blood of Elves characters,Milan Raupenneck
Category:Blood of Elves characters,Myhrman
Category:Blood of Elves characters,Myrrha
Category:Blood of Elves characters,Nenneke
Category:Blood of Elves characters,Nicodemus de Boot
Category:Blood of Elves characters,Niedamir
Category:Blood of Elves characters,Old Baron La Valette
Category:Blood of Elves characters,Olsen
Category:Blood of Elves characters,Ori Reuven
Category:Blood of Elves characters,Paulie Dahlberg
Category:Blood of Elves characters,Pavetta
Category:Blood of Elves characters,Pelligram
Category:Blood of Elves characters,Philippa Eilhart
Category:Blood of Elves characters,Podveyka
Category:Blood of Elves characters,Radcliffe
Category:Blood of Elves characters,Radovid I
Category:Blood of Elves characters,Radovid III
Category:Blood of Elves characters,Rayla
Category:Blood of Elves characters,Regan Dahlberg
Category:Blood of Elves characters,Reginald
Category:Blood of Elves characters,Rience
Category:Blood of Elves characters,Rizzi Michelet
Category:Blood of Elves characters,Roach
Category:Blood of Elves characters,Sambuk
Category:Blood of Elves characters,Schrader
Category:Blood of Elves characters,Shani
Category:Blood of Elves characters,Sheldon Skaggs
Category:Blood of Elves characters,Sigismund Dijkstra
Category:Blood of Elves characters,Stran
Category:Blood of Elves characters,Tissaia de Vries
Category:Blood of Elves characters,Toublanc Michelet
Category:Blood of Elves characters,Triss Merigold
Category:Blood of Elves characters,Unist
Category:Blood of Elves characters,Vanielle
Category:Blood of Elves characters,Venzlav
Category:Blood of Elves characters,Vera Loewenhaupt
Category:Blood of Elves characters,Vesemir
Category:Blood of Elves characters,Vilfrid Wenck
Category:Blood of Elves characters,Vilgefortz
Category:Blood of Elves characters,Villem
Category:Blood of Elves characters,Virfuril
Category:Blood of Elves characters,Vissegerd
Category:Blood of Elves characters,Vitek
Category:Blood of Elves characters,Vizimir II
Category:Blood of Elves characters,Windhalm of Attre
Category:Blood of Elves characters,Wolfgang Amadeus Goatbeard
Category:Blood of Elves characters,Xavier Moran
Category:Blood of Elves characters,Yannick Brass
Category:Blood of Elves characters,Yarpen Zigrin
Category:Blood of Elves characters,Yennefer of Vengerberg
Category:Blood of Elves characters,Yoël Grethen
Category:Blood of Elves characters,Zyvik
Category:Season of Storms characters,Abner de Navarette
Category:Season of Storms characters,Adda the White
Category:Season of Storms characters,Addarion Bach
Category:Season of Storms characters,Aguara
Category:Season of Storms characters,Aileach Mor-Dhu
Category:Season of Storms characters,Albert Smulka
Category:Season of Storms characters,Algernon Guincamp
Category:Season of Storms characters,Alzur
Category:Season of Storms characters,Antea Derris
Category:Season of Storms characters,Axel Esparza
Category:Season of Storms characters,Bang
Category:Season of Storms characters,Belohun
Category:Season of Storms characters,Bernie Hofmeier
Category:Season of Storms characters,Biruta Icarti
Category:Season of Storms characters,Brehen
Category:Season of Storms characters,Briana de Sepulveda
Category:Season of Storms characters,Bue
Category:Season of Storms characters,Ciri
Category:Season of Storms characters,Codringher
Category:Season of Storms characters,Colonel de Santis
Category:Season of Storms characters,Coppenrath
Category:Season of Storms characters,Cosimo Malaspina
Category:Season of Storms characters,Dandelion
Category:Season of Storms characters,Drofuss
Category:Season of Storms characters,Edwina
Category:Season of Storms characters,Effenberg
Category:Season of Storms characters,Egmund
Category:Season of Storms characters,Elmer
Category:Season of Storms characters,Escayrac
Category:Season of Storms characters,Febus Ravenga
Category:Season of Storms characters,Ferrant de Lettenhove
Category:Season of Storms characters,Floquet
Category:Season of Storms characters,Frans Torquil
Category:Season of Storms characters,Geoffrey Monck
Category:Season of Storms characters,Geralt of Rivia
Category:Season of Storms characters,Gonschorek
Category:Season of Storms characters,Harlan Tzara
Category:Season of Storms characters,Horvath
Category:Season of Storms characters,Idarran of Ulivo
Category:Season of Storms characters,Ildiko Breckl
Category:Season of Storms characters,Jacob de Sepulveda
Category:Season of Storms characters,Jacob Fenn
Category:Season of Storms characters,Jan Bekker
Category:Season of Storms characters,Javil Fysh
Category:Season of Storms characters,Jerosa Fuerte
Category:Season of Storms characters,Jonas
Category:Season of Storms characters,Kevenard van Vliet
Category:Season of Storms characters,Lebioda
Category:Season of Storms characters,Ligenza
Category:Season of Storms characters,Lindenbrog
Category:Season of Storms characters,Lytta Neyd
Category:Season of Storms characters,Marti Södergren
Category:Season of Storms characters,Maximilian Borsodi
Category:Season of Storms characters,Maximilian Borsodi's brother
Category:Season of Storms characters,Messer Luppi
Category:Season of Storms characters,Mikita
Category:Season of Storms characters,Molnar Giancardi
Category:Season of Storms characters,Mozaïk
Category:Season of Storms characters,Myles Trethevey
Category:Season of Storms characters,Narses de la Roche
Category:Season of Storms characters,Nikefor Muus
Category:Season of Storms characters,Nimue verch Wledyr ap Gwyn
Category:Season of Storms characters,Nino Cianfanelli
Category:Season of Storms characters,Ohnesorg
Category:Season of Storms characters,Ortolan
Category:Season of Storms characters,Osmyk
Category:Season of Storms characters,Otto Dussart
Category:Season of Storms characters,Pandolfo Forteguerra
Category:Season of Storms characters,Parlaghy
Category:Season of Storms characters,Pastor
Category:Season of Storms characters,Pelligram
Category:Season of Storms characters,Petru Cobbin
Category:Season of Storms characters,Prochaska
Category:Season of Storms characters,Prospero Basti
Category:Season of Storms characters,Pudlorak
Category:Season of Storms characters,Pyral Pratt
Category:Season of Storms characters,Rhyd
Category:Season of Storms characters,Richter
Category:Season of Storms characters,Roach
Category:Season of Storms characters,Ropp
Category:Season of Storms characters,Sabrina Glevissig
Category:Season of Storms characters,Samsa
Category:Season of Storms characters,Shevlov
Category:Season of Storms characters,Sorel Degerlund
Category:Season of Storms characters,Stucco Zangenis
Category:Season of Storms characters,Talbot
Category:Season of Storms characters,Tarp
Category:Season of Storms characters,Tarvix Sandoval
Category:Season of Storms characters,Tiziana Frevi
Category:Season of Storms characters,Tonton Zroga
Category:Season of Storms characters,Trent
Category:Season of Storms characters,Tukaj
Category:Season of Storms characters,Tverdoruk
Category:Season of Storms characters,Vesemir
Category:Season of Storms characters,Videmont
Category:Season of Storms characters,Vimme Vivaldi
Category:Season of Storms characters,Violetta
Category:Season of Storms characters,Viraxas
Category:Season of Storms characters,Vizimir II
Category:Season of Storms characters,Vorsterkranz
Category:Season of Storms characters,Vysogota of Corvo
Category:Season of Storms characters,Wledyr
Category:Season of Storms characters,Xander
Category:Season of Storms characters,Xymena de Sepulveda
Category:Season of Storms characters,Yan Malkin
Category:Season of Storms characters,Yennefer of Vengerberg
"Category:Something Ends, Something Begins characters",Adda the White
"Category:Something Ends, Something Begins characters",Agloval
"Category:Something Ends, Something Begins characters",Alzur
"Category:Something Ends, Something Begins characters",Annika
"Category:Something Ends, Something Begins characters",Braenn
"Category:Something Ends, Something Begins characters",Brennan
"Category:Something Ends, Something Begins characters",Caldemeyn
"Category:Something Ends, Something Begins characters",Chireadan
"Category:Something Ends, Something Begins characters",Ciri
"Category:Something Ends, Something Begins characters",Cirilla (dryad)
"Category:Something Ends, Something Begins characters",Crach an Craite
"Category:Something Ends, Something Begins characters",Czop
"Category:Something Ends, Something Begins characters",Dainty Biberveldt
"Category:Something Ends, Something Begins characters",Dandelion
"Category:Something Ends, Something Begins characters",Devereux
"Category:Something Ends, Something Begins characters",Dorregaray
"Category:Something Ends, Something Begins characters",Dudu
"Category:Something Ends, Something Begins characters",Eithné (Braenn's daughter)
"Category:Something Ends, Something Begins characters",Eskel
"Category:Something Ends, Something Begins characters",Ethain
"Category:Something Ends, Something Begins characters",Eurneid
"Category:Something Ends, Something Begins characters",Fregenal
"Category:Something Ends, Something Begins characters",Freixenet
"Category:Something Ends, Something Begins characters",Freya (Skelliger)
"Category:Something Ends, Something Begins characters",Galahad
"Category:Something Ends, Something Begins characters",Gardenia Biberveldt
"Category:Something Ends, Something Begins characters",Geralt of Rivia
"Category:Something Ends, Something Begins characters",Grozim
"Category:Something Ends, Something Begins characters",Herwig
"Category:Something Ends, Something Begins characters",Hotspurn
"Category:Something Ends, Something Begins characters",Iola the Second
"Category:Something Ends, Something Begins characters",Jarre
"Category:Something Ends, Something Begins characters",Kashka
"Category:Something Ends, Something Begins characters",Kehl
"Category:Something Ends, Something Begins characters",Kelpie (horse)
"Category:Something Ends, Something Begins characters",Korin
"Category:Something Ends, Something Begins characters",Koshchey's Men
"Category:Something Ends, Something Begins characters",Leo Bonhart
"Category:Something Ends, Something Begins characters",Lily Biberveldt
"Category:Something Ends, Something Begins characters",Loki an Craite
"Category:Something Ends, Something Begins characters",Manissa
"Category:Something Ends, Something Begins characters",Matholm
"Category:Something Ends, Something Begins characters",Merle
"Category:Something Ends, Something Begins characters",Mikula (blacksmith)
"Category:Something Ends, Something Begins characters",Mistle
"Category:Something Ends, Something Begins characters",Mona (dryad)
"Category:Something Ends, Something Begins characters",Morenn (Braenn's daughter)
"Category:Something Ends, Something Begins characters",Mousesack
"Category:Something Ends, Something Begins characters",Nenneke
"Category:Something Ends, Something Begins characters",Percival Schuttenbach
"Category:Something Ends, Something Begins characters",Radcliffe
"Category:Something Ends, Something Begins characters",Radim
"Category:Something Ends, Something Begins characters",Ragnar an Craite
"Category:Something Ends, Something Begins characters",Sandy Frogmorton
"Category:Something Ends, Something Begins characters",Sh'eenaz
"Category:Something Ends, Something Begins characters",Sigismund Dijkstra
"Category:Something Ends, Something Begins characters","Something Ends, Something Begins minor characters"
"Category:Something Ends, Something Begins characters",Sulivoy
"Category:Something Ends, Something Begins characters",Topin
"Category:Something Ends, Something Begins characters",Triss Merigold
"Category:Something Ends, Something Begins characters",Venzlav
"Category:Something Ends, Something Begins characters",Vesemir
"Category:Something Ends, Something Begins characters",Villentretenmerth
"Category:Something Ends, Something Begins characters",Visenna
"Category:Something Ends, Something Begins characters",Vissing
"Category:Something Ends, Something Begins characters",White Lady
"Category:Something Ends, Something Begins characters",Willem
"Category:Something Ends, Something Begins characters",Yarpen Zigrin
"Category:Something Ends, Something Begins characters",Yennefer of Vengerberg
"Category:Something Ends, Something Begins characters",Yves
Category:Sword of Destiny characters,Agloval
Category:Sword of Destiny characters,Akeretta
Category:Sword of Destiny characters,Alvina
Category:Sword of Destiny characters,Arno Hardbottom
Category:Sword of Destiny characters,Artaud Terranova
Category:Sword of Destiny characters,Atlan Kerk
Category:Sword of Destiny characters,Axel Esparza
Category:Sword of Destiny characters,Beady-eyes
Category:Sword of Destiny characters,Begonia Biberveldt
Category:Sword of Destiny characters,Boholt
Category:Sword of Destiny characters,Braenn
Category:Sword of Destiny characters,Brick
Category:Sword of Destiny characters,Budibog
Category:Sword of Destiny characters,Calanthe
Category:Sword of Destiny characters,Chappelle
Category:Sword of Destiny characters,Ciri
Category:Sword of Destiny characters,Crinfrid Reavers
Category:Sword of Destiny characters,Cynthia (ballad subject)
Category:Sword of Destiny characters,Dagobert
Category:Sword of Destiny characters,Dainty Biberveldt
Category:Sword of Destiny characters,Dalia
Category:Sword of Destiny characters,Dandelion
Category:Sword of Destiny characters,Detchka
Category:Sword of Destiny characters,Dezmod
Category:Sword of Destiny characters,Dorregaray
Category:Sword of Destiny characters,Drunken ferryman
Category:Sword of Destiny characters,Dudu
Category:Sword of Destiny characters,Dunca
Category:Sword of Destiny characters,Ebbing quadruplets
Category:Sword of Destiny characters,Eist Tuirseach
Category:Sword of Destiny characters,Eithné
Category:Sword of Destiny characters,Ekkehard of Sodden
Category:Sword of Destiny characters,Eliza
Category:Sword of Destiny characters,Emhyr var Emreis
Category:Sword of Destiny characters,Ervyll
Category:Sword of Destiny characters,Essi Daven
Category:Sword of Destiny characters,Ethain
Category:Sword of Destiny characters,Eyck of Denesle
Category:Sword of Destiny characters,Fercart
Category:Sword of Destiny characters,Freixenet
Category:Sword of Destiny characters,Gar
Category:Sword of Destiny characters,Gardenia Biberveldt
Category:Sword of Destiny characters,Gaspard Drouhard
Category:Sword of Destiny characters,Geralt of Rivia
Category:Sword of Destiny characters,Goldencheeks
Category:Sword of Destiny characters,Gorazd
Category:Sword of Destiny characters,Gritzi
Category:Sword of Destiny characters,Gyllenstiern
Category:Sword of Destiny characters,Herbolth
Category:Sword of Destiny characters,Istredd
Category:Sword of Destiny characters,Ivo Mirce
Category:Sword of Destiny characters,Joachim Schwann
Category:Sword of Destiny characters,Juan Pablo Vassermiller
Category:Sword of Destiny characters,Junghans
Category:Sword of Destiny characters,Kennet
Category:Sword of Destiny characters,Kistrin
Category:Sword of Destiny characters,Kreve
Category:Sword of Destiny characters,Lawdbor
Category:Sword of Destiny characters,Levecque
Category:Sword of Destiny characters,Lucas Corto
Category:Sword of Destiny characters,Lytta Neyd
Category:Sword of Destiny characters,Marck
Category:Sword of Destiny characters,Mestvin
Category:Sword of Destiny characters,Mitzi
Category:Sword of Destiny characters,Morénn
Category:Sword of Destiny characters,Mousesack
Category:Sword of Destiny characters,Muskrat
Category:Sword of Destiny characters,Myrgtabrakke
Category:Sword of Destiny characters,Nadbor
Category:Sword of Destiny characters,Nelumbo
Category:Sword of Destiny characters,Niedamir
Category:Sword of Destiny characters,Paulie Dahlberg
Category:Sword of Destiny characters,Pavetta
Category:Sword of Destiny characters,Podveyka
Category:Sword of Destiny characters,Pokvit
Category:Sword of Destiny characters,Putzi
Category:Sword of Destiny characters,Radcliffe
Category:Sword of Destiny characters,Regan Dahlberg
Category:Sword of Destiny characters,Rhundurin
Category:Sword of Destiny characters,Rhyd
Category:Sword of Destiny characters,Roach
Category:Sword of Destiny characters,Roedskilde
Category:Sword of Destiny characters,Sabrina Glevissig
Category:Sword of Destiny characters,Sambuk
Category:Sword of Destiny characters,Sh'eenaz
Category:Sword of Destiny characters,Sheepbagger
Category:Sword of Destiny characters,Sirssa
Category:Sword of Destiny characters,Sorrel
Category:Sword of Destiny characters,Stefan Skellen
Category:Sword of Destiny characters,Sulik
Category:Sword of Destiny characters,Sulimir
Category:Sword of Destiny characters,Sword of Destiny minor characters
Category:Sword of Destiny characters,Teleri Drouhard
Category:Sword of Destiny characters,Ther Lukokian
Category:Sword of Destiny characters,Triss Merigold
Category:Sword of Destiny characters,Téa
Category:Sword of Destiny characters,Vanda
Category:Sword of Destiny characters,Vanielle
Category:Sword of Destiny characters,Vell
Category:Sword of Destiny characters,Venzlav
Category:Sword of Destiny characters,Vertvern
Category:Sword of Destiny characters,Vesemir
Category:Sword of Destiny characters,Vespula
Category:Sword of Destiny characters,Veverka
Category:Sword of Destiny characters,Villentretenmerth
Category:Sword of Destiny characters,Vimme Vivaldi
Category:Sword of Destiny characters,Viraxas
Category:Sword of Destiny characters,Visenna
Category:Sword of Destiny characters,Voymir (knight)
Category:Sword of Destiny characters,Véa
Category:Sword of Destiny characters,Xavier Moran
Category:Sword of Destiny characters,Yannick Brass
Category:Sword of Destiny characters,Yarpen Zigrin
Category:Sword of Destiny characters,Yennefer of Vengerberg
Category:Sword of Destiny characters,Yoël Grethen
Category:Sword of Destiny characters,Yurga
Category:Sword of Destiny characters,Zelest
Category:Szpony i kły characters,Ethain
Category:Szpony i kły characters,Mathen
Category:Szpony i kły characters,Sha
Category:Tales from the world of The Witcher characters,Saint Elmo
Category:The Lady of the Lake characters,Aarhenius Krantz
Category:The Lady of the Lake characters,Abonde
Category:The Lady of the Lake characters,Adam Pangratt
Category:The Lady of the Lake characters,Adela Marta
Category:The Lady of the Lake characters,Aen Saevherne
Category:The Lady of the Lake characters,Aillil Mawr Dyffryn aep Ceallach
Category:The Lady of the Lake characters,Albert Solpietra
Category:The Lady of the Lake characters,Alcides Fierabras
Category:The Lady of the Lake characters,Aloë Hildebrandt
Category:The Lady of the Lake characters,Amadis de Trastamara
Category:The Lady of the Lake characters,Andy Biberveldt
Category:The Lady of the Lake characters,Angoulême
Category:The Lady of the Lake characters,Angus Bri Cri
Category:The Lady of the Lake characters,Anna Henrietta
Category:The Lady of the Lake characters,Anna Tiller
Category:The Lady of the Lake characters,Anzelm Aubry
Category:The Lady of the Lake characters,Ardal aep Dahy
Category:The Lady of the Lake characters,Aristoteles Bobeck
Category:The Lady of the Lake characters,Arthur
Category:The Lady of the Lake characters,Artorius Vigo
Category:The Lady of the Lake characters,Assire var Anahid
Category:The Lady of the Lake characters,Auberon Muircetach
Category:The Lady of the Lake characters,Aubry (second born)
Category:The Lady of the Lake characters,Avallac'h
Category:The Lady of the Lake characters,Barclay Els
Category:The Lady of the Lake characters,Berengar Leuvaarden
Category:The Lady of the Lake characters,Bernie Hofmeier
Category:The Lady of the Lake characters,Bertram Skellen
Category:The Lady of the Lake characters,Blasco Grant
Category:The Lady of the Lake characters,Blenheim Blenckert
Category:The Lady of the Lake characters,Boreas Mun
Category:The Lady of the Lake characters,Braathens
Category:The Lady of the Lake characters,Bronibor
Category:The Lady of the Lake characters,Brouver Hoog
Category:The Lady of the Lake characters,Bucephalus
Category:The Lady of the Lake characters,Cahir Mawr Dyffryn aep Ceallach
Category:The Lady of the Lake characters,Cairbre aep Diared
Category:The Lady of the Lake characters,Calanthe
Category:The Lady of the Lake characters,Carolina Roberta
Category:The Lady of the Lake characters,Carthia van Canten
Category:The Lady of the Lake characters,Ceallach aep Gruffyd
Category:The Lady of the Lake characters,Cedric (king)
Category:The Lady of the Lake characters,Cerro
Category:The Lady of the Lake characters,Chevron Knight
Category:The Lady of the Lake characters,Cinead var Anahid
Category:The Lady of the Lake characters,Ciri
Category:The Lady of the Lake characters,Ciri (Jarre's granddaughter)
Category:The Lady of the Lake characters,Cirilla Fiona (imposter)
Category:The Lady of the Lake characters,Coinneach Dá Reo
Category:The Lady of the Lake characters,Condwiramurs Tilly
Category:The Lady of the Lake characters,Corbett
Category:The Lady of the Lake characters,Count Broinne
Category:The Lady of the Lake characters,Count de Ruyter
Category:The Lady of the Lake characters,Coën
Category:The Lady of the Lake characters,Cregennan of Lod
Category:The Lady of the Lake characters,Cyprian Fripp the younger
Category:The Lady of the Lake characters,Cyrus Engelkind Hemmelfart
Category:The Lady of the Lake characters,Dacre Silifant
Category:The Lady of the Lake characters,Dagorad
Category:The Lady of the Lake characters,Dandelion
Category:The Lady of the Lake characters,Daniel Etcheverry
Category:The Lady of the Lake characters,Debora
Category:The Lady of the Lake characters,Dede Vargas
Category:The Lady of the Lake characters,Demavend III
Category:The Lady of the Lake characters,Dennis Cranmer
Category:The Lady of the Lake characters,Deuslax
Category:The Lady of the Lake characters,Devlin aep Meara
Category:The Lady of the Lake characters,Dezmod
Category:The Lady of the Lake characters,Dheran Mawr Dyffryn aep Ceallach
Category:The Lady of the Lake characters,Didi Hofmeier
Category:The Lady of the Lake characters,Digod
Category:The Lady of the Lake characters,Dominik Bombastus Houvenaghel
Category:The Lady of the Lake characters,Draakul
Category:The Lady of the Lake characters,Dyffryn
Category:The Lady of the Lake characters,Edmund Bumbler
Category:The Lady of the Lake characters,Effenberg
Category:The Lady of the Lake characters,Eithné
Category:The Lady of the Lake characters,Elan Trahe
Category:The Lady of the Lake characters,Elkana Foster
Category:The Lady of the Lake characters,Emhyr var Emreis
Category:The Lady of the Lake characters,Emiel Regis Rohellec Terzieff-Godefroy
Category:The Lady of the Lake characters,Emmerich Gottschalk
Category:The Lady of the Lake characters,Eredin Bréacc Glas
Category:The Lady of the Lake characters,Ervyll
Category:The Lady of the Lake characters,Eskel
Category:The Lady of the Lake characters,Esterad Thyssen
Category:The Lady of the Lake characters,Ethain
Category:The Lady of the Lake characters,Eudora Breckenriggs
Category:The Lady of the Lake characters,Eurneid
Category:The Lady of the Lake characters,Evangelina Parr
Category:The Lady of the Lake characters,Eviva var Anahid
Category:The Lady of the Lake characters,Fabio Sachs
Category:The Lady of the Lake characters,Falka
Category:The Lady of the Lake characters,Fergus var Emreis
Category:The Lady of the Lake characters,Field Marshal Windbag
Category:The Lady of the Lake characters,Figgis Merluzzo
Category:The Lady of the Lake characters,Fisher King (lover of Nimue)
Category:The Lady of the Lake characters,Fitz-Oesterlen (cadet)
Category:The Lady of the Lake characters,Flourens Delannoy
Category:The Lady of the Lake characters,Foltest
Category:The Lady of the Lake characters,Forest Gramps
Category:The Lady of the Lake characters,Francesca Findabair
Category:The Lady of the Lake characters,Fringilla Vigo
Category:The Lady of the Lake characters,Fulko Artevelde
Category:The Lady of the Lake characters,Fuson
Category:The Lady of the Lake characters,Galahad
Category:The Lady of the Lake characters,Gardik
Category:The Lady of the Lake characters,Gefreiter Corncrake
Category:The Lady of the Lake characters,Geralt of Rivia
Category:The Lady of the Lake characters,Goidemar
Category:The Lady of the Lake characters,Goulue
Category:The Lady of the Lake characters,Gruffyd
Category:The Lady of the Lake characters,Guy de Bois-Fresnes
Category:The Lady of the Lake characters,Hamilcar Danza
Category:The Lady of the Lake characters,Hedwig of Malleore
Category:The Lady of the Lake characters,Henselt
Category:The Lady of the Lake characters,Hereward
Category:The Lady of the Lake characters,Holofernes Hofmeier
Category:The Lady of the Lake characters,Ida Emean aep Sivney
Category:The Lady of the Lake characters,Ihuarraquax
Category:The Lady of the Lake characters,Impatientia Vanderbeck
Category:The Lady of the Lake characters,Incarvilia Hildebrandt
Category:The Lady of the Lake characters,Iola the Second
Category:The Lady of the Lake characters,Isengrim Faoiltiarna
Category:The Lady of the Lake characters,Istvan Igalffy
Category:The Lady of the Lake characters,Ithlinne
Category:The Lady of the Lake characters,Jacqueline
Category:The Lady of the Lake characters,Jan Lennep
Category:The Lady of the Lake characters,Jan Natalis
Category:The Lady of the Lake characters,Jarre
Category:The Lady of the Lake characters,Jean Catillon
Category:The Lady of the Lake characters,Jean La Voisier
Category:The Lady of the Lake characters,Joachim de Wett
Category:The Lady of the Lake characters,John of Attre
Category:The Lady of the Lake characters,Juan Gutierrez
Category:The Lady of the Lake characters,Julia Abatemarco
Category:The Lady of the Lake characters,Katje
Category:The Lady of the Lake characters,Kees van Lo
Category:The Lady of the Lake characters,Keira Metz
Category:The Lady of the Lake characters,Kelpie (horse)
Category:The Lady of the Lake characters,King of the Wild Hunt
Category:The Lady of the Lake characters,Kistrin
Category:The Lady of the Lake characters,Klaproth
Category:The Lady of the Lake characters,Kobus de Ruyter
Category:The Lady of the Lake characters,Lamarr Flaut
Category:The Lady of the Lake characters,Lambert
Category:The Lady of the Lake characters,Lara Dorren
Category:The Lady of the Lake characters,Lebioda
Category:The Lady of the Lake characters,Leo Bonhart
Category:The Lady of the Lake characters,Leon Oppenhauser
Category:The Lady of the Lake characters,Liam aep Muir Moss
Category:The Lady of the Lake characters,Lorenzo Molla
Category:The Lady of the Lake characters,Lucienne
Category:The Lady of the Lake characters,Lydia van Bredevoort
Category:The Lady of the Lake characters,Lytta Neyd
Category:The Lady of the Lake characters,Malatesta
Category:The Lady of the Lake characters,Margarita Laux-Antille
Category:The Lady of the Lake characters,Markus Braibant
Category:The Lady of the Lake characters,Marti Södergren
Category:The Lady of the Lake characters,Mawr var Anahid
Category:The Lady of the Lake characters,Melfi
Category:The Lady of the Lake characters,Menno Coehoorn
Category:The Lady of the Lake characters,Meve
Category:The Lady of the Lake characters,Milo Vanderbeck
Category:The Lady of the Lake characters,Milton
Category:The Lady of the Lake characters,Milton de Peyrac-Peyran
Category:The Lady of the Lake characters,Milva
Category:The Lady of the Lake characters,Mistle
Category:The Lady of the Lake characters,Morvran Voorhis
Category:The Lady of the Lake characters,Munro Bruys
Category:The Lady of the Lake characters,Myrrha
Category:The Lady of the Lake characters,Nadia Esposito
Category:The Lady of the Lake characters,Natanis
Category:The Lady of the Lake characters,Nenneke
Category:The Lady of the Lake characters,Nicodemus de Boot
Category:The Lady of the Lake characters,Nimue verch Wledyr ap Gwyn
Category:The Lady of the Lake characters,Nitert
Category:The Lady of the Lake characters,Notturna
Category:The Lady of the Lake characters,Nycklar
Category:The Lady of the Lake characters,Ograbek
Category:The Lady of the Lake characters,Okultich
Category:The Lady of the Lake characters,Ola Harsheim
Category:The Lady of the Lake characters,Orestes Kopps
Category:The Lady of the Lake characters,Ori Reuven
Category:The Lady of the Lake characters,Otto de Congreve
Category:The Lady of the Lake characters,Ouder de Wyngalt
Category:The Lady of the Lake characters,Palmerin de Launfal
Category:The Lady of the Lake characters,Papebrock
Category:The Lady of the Lake characters,Paulie Dahlberg
Category:The Lady of the Lake characters,Pelligram
Category:The Lady of the Lake characters,Percival Schuttenbach
Category:The Lady of the Lake characters,Peter Faramond
Category:The Lady of the Lake characters,Petunia Hildebrandt
Category:The Lady of the Lake characters,Philippa Eilhart
Category:The Lady of the Lake characters,Pike (person)
Category:The Lady of the Lake characters,Prince Voorhis
Category:The Lady of the Lake characters,Prine
Category:The Lady of the Lake characters,Puttkammer
Category:The Lady of the Lake characters,Radovid V
Category:The Lady of the Lake characters,Ramon Tyrconnel
Category:The Last Wish characters,Abergard
Category:The Last Wish characters,"Abrad ""Jack-up-the-Skirt"""
Category:The Last Wish characters,Adda of Temeria
Category:The Last Wish characters,Adda the White
Category:The Last Wish characters,Aen Saevherne
Category:The Last Wish characters,Akerspaark
Category:The Last Wish characters,Aridea
Category:The Last Wish characters,Arthur Tailles
Category:The Last Wish characters,Audoen
Category:The Last Wish characters,Beau Berrant
Category:The Last Wish characters,Bernika
Category:The Last Wish characters,Borg
Category:The Last Wish characters,Bran Tuirseach
Category:The Last Wish characters,Butcher of Blaviken
Category:The Last Wish characters,Calanthe
Category:The Last Wish characters,Caldemeyn
Category:The Last Wish characters,Carrypebble
Category:The Last Wish characters,Centurion (innkeeper)
Category:The Last Wish characters,Cerberus
Category:The Last Wish characters,Cerro
Category:The Last Wish characters,Chireadan
Category:The Last Wish characters,Civril
Category:The Last Wish characters,Crach an Craite
Category:The Last Wish characters,Crach's mother
Category:The Last Wish characters,Dalimira
Category:The Last Wish characters,Dandelion
Category:The Last Wish characters,Dennis Cranmer
Category:The Last Wish characters,Dezmod
Category:The Last Wish characters,Dhun
Category:The Last Wish characters,Dragomir
Category:The Last Wish characters,Draig Bon-Dhu
Category:The Last Wish characters,Drogodar
Category:The Last Wish characters,Eist Tuirseach
Category:The Last Wish characters,Eltibald
Category:The Last Wish characters,Emhyr var Emreis
Category:The Last Wish characters,Ermellia
Category:The Last Wish characters,Errdil
Category:The Last Wish characters,Eskel
Category:The Last Wish characters,Ethain
Category:The Last Wish characters,Evermir
Category:The Last Wish characters,Eylembert of Tigg
Category:The Last Wish characters,Falwick
Category:The Last Wish characters,Fenne
Category:The Last Wish characters,Fialka
Category:The Last Wish characters,Fifteen
Category:The Last Wish characters,Filavandrel aén Fidháil
Category:The Last Wish characters,Fodcat
Category:The Last Wish characters,Foltest
Category:The Last Wish characters,Fredefalk Vellga
Category:The Last Wish characters,Galarr
Category:The Last Wish characters,Geoffrey Monck
Category:The Last Wish characters,Geralt of Rivia
Category:The Last Wish characters,Glutton
Category:The Last Wish characters,Haxo
Category:The Last Wish characters,Herbert Stammelford
Category:The Last Wish characters,Hereward
Category:The Last Wish characters,Heribert
Category:The Last Wish characters,Idi
Category:The Last Wish characters,Ilka
Category:The Last Wish characters,Iola
Category:The Last Wish characters,Irion
Category:The Last Wish characters,Karelka
Category:The Last Wish characters,Krepp
Category:The Last Wish characters,Laurelnose
Category:The Last Wish characters,Lebioda
Category:The Last Wish characters,Lenka
Category:The Last Wish characters,Libushe
Category:The Last Wish characters,Lille
Category:The Last Wish characters,Lord Strept
Category:The Last Wish characters,Mad Deï
Category:The Last Wish characters,Marilka
Category:The Last Wish characters,Medell
Category:The Last Wish characters,Mousesack
Category:The Last Wish characters,Nan the Hag
Category:The Last Wish characters,Nenneke
Category:The Last Wish characters,Nettly
Category:The Last Wish characters,Neville
Category:The Last Wish characters,Nimir
Category:The Last Wish characters,Nivellen
Category:The Last Wish characters,Nohorn
Category:The Last Wish characters,Ostrit
Category:The Last Wish characters,Pavetta
Category:The Last Wish characters,Primula
Category:The Last Wish characters,Rainfarn
Category:The Last Wish characters,Ravix of Fourhorn
Category:The Last Wish characters,Renfri Vellga
Category:The Last Wish characters,Roach
Category:The Last Wish characters,Roderick de Novembre
Category:The Last Wish characters,Roegner of Ebbing
Category:The Last Wish characters,Rulle Asper
Category:The Last Wish characters,Rumplestelt
Category:The Last Wish characters,Sancia of Sodden
Category:The Last Wish characters,Segelin
Category:The Last Wish characters,Seven gnomes
Category:The Last Wish characters,Silvena (Fredefalk's wife)
Category:The Last Wish characters,Silvena (Narok ruler)
Category:The Last Wish characters,Slow
Category:The Last Wish characters,Stregobor
Category:The Last Wish characters,Supree
Category:The Last Wish characters,Tavik
Category:The Last Wish characters,The Last Wish minor characters
Category:The Last Wish characters,Tinglant
Category:The Last Wish characters,Torque
Category:The Last Wish characters,Toruviel
Category:The Last Wish characters,Treska
Category:The Last Wish characters,Trigla
Category:The Last Wish characters,Triss Merigold
Category:The Last Wish characters,Valdo Marx
Category:The Last Wish characters,Vanadain
Category:The Last Wish characters,Velerad
Category:The Last Wish characters,Venimira
Category:The Last Wish characters,Vereena
Category:The Last Wish characters,Vesemir
Category:The Last Wish characters,Virginia
Category:The Last Wish characters,Vissegerd
Category:The Last Wish characters,Vizimir II
Category:The Last Wish characters,Vratimir
Category:The Last Wish characters,Vridank
Category:The Last Wish characters,Vyr
Category:The Last Wish characters,Warder
Category:The Last Wish characters,Wieldhill
Category:The Last Wish characters,Windhalm of Attre
Category:The Last Wish characters,Yennefer of Vengerberg
Category:The Last Wish characters,Zatret Voruta
Category:The Last Wish characters,Zavist
Category:The Last Wish characters,Zivelina
Category:The Tower of the Swallow characters,Adam Pangratt
Category:The Tower of the Swallow characters,Aideen
Category:The Tower of the Swallow characters,Almavera
Category:The Tower of the Swallow characters,Amaranth
Category:The Tower of the Swallow characters,Ambassador de Ruyter
Category:The Tower of the Swallow characters,Andres Vierny
Category:The Tower of the Swallow characters,Angoulême
Category:The Tower of the Swallow characters,Anna Henrietta
Category:The Tower of the Swallow characters,Ardal aep Dahy
Category:The Tower of the Swallow characters,Aristide Vermuellen
Category:The Tower of the Swallow characters,Asa Thjazi
Category:The Tower of the Swallow characters,Asse
Category:The Tower of the Swallow characters,Assire var Anahid
Category:The Tower of the Swallow characters,Avallac'h
Category:The Tower of the Swallow characters,Baron of Casadei
Category:The Tower of the Swallow characters,Benda
Category:The Tower of the Swallow characters,Bert Brigden
Category:The Tower of the Swallow characters,Big Lothar
Category:The Tower of the Swallow characters,Billy Goat (digger)
Category:The Tower of the Swallow characters,Blanka
Category:The Tower of the Swallow characters,Boreas Mun
Category:The Tower of the Swallow characters,Bran Tuirseach
Category:The Tower of the Swallow characters,Bucephalus
Category:The Tower of the Swallow characters,Buyvid Backhuysen
Category:The Tower of the Swallow characters,Cahir Mawr Dyffryn aep Ceallach
Category:The Tower of the Swallow characters,Calanthe
Category:The Tower of the Swallow characters,Caleb Stratton
Category:The Tower of the Swallow characters,Carthia van Canten
Category:The Tower of the Swallow characters,Ceallach aep Gruffyd
Category:The Tower of the Swallow characters,Chloe Stitz
Category:The Tower of the Swallow characters,Ciri
Category:The Tower of the Swallow characters,Cirilla Fiona (imposter)
Category:The Tower of the Swallow characters,Codringher
Category:The Tower of the Swallow characters,Coën
Category:The Tower of the Swallow characters,Crach an Craite
Category:The Tower of the Swallow characters,Cregennan of Lod
Category:The Tower of the Swallow characters,Cyprian Fripp the elder
Category:The Tower of the Swallow characters,Cyprian Fripp the younger
Category:The Tower of the Swallow characters,D'Arvy
Category:The Tower of the Swallow characters,Dacre Silifant
Category:The Tower of the Swallow characters,Dandelion
Category:The Tower of the Swallow characters,Daniel Etcheverry
Category:The Tower of the Swallow characters,Debora
Category:The Tower of the Swallow characters,Declan Ros aep Maelchlad
Category:The Tower of the Swallow characters,Dede Vargas
Category:The Tower of the Swallow characters,Demavend III
Category:The Tower of the Swallow characters,Dominik Bombastus Houvenaghel
Category:The Tower of the Swallow characters,Draakul
Category:The Tower of the Swallow characters,Dufficey Kriel
Category:The Tower of the Swallow characters,Effenberg
Category:The Tower of the Swallow characters,Eist Tuirseach
Category:The Tower of the Swallow characters,Emhyr var Emreis
Category:The Tower of the Swallow characters,Emiel Regis Rohellec Terzieff-Godefroy
Category:The Tower of the Swallow characters,Eredin Bréacc Glas
Category:The Tower of the Swallow characters,Eskel
Category:The Tower of the Swallow characters,Esterad Thyssen
Category:The Tower of the Swallow characters,Esterhazy
Category:The Tower of the Swallow characters,Esteril Thyssen
Category:The Tower of the Swallow characters,Eurneid
Category:The Tower of the Swallow characters,Fabio Sachs
Category:The Tower of the Swallow characters,Falka (alias)
Category:The Tower of the Swallow characters,Fergus var Emreis
Category:The Tower of the Swallow characters,Flourens Delannoy
Category:The Tower of the Swallow characters,Fringilla Vigo
Category:The Tower of the Swallow characters,Fulko Artevelde
Category:The Tower of the Swallow characters,Gabriel (person)
Category:The Tower of the Swallow characters,Gaudemunda Thyssen
Category:The Tower of the Swallow characters,Gedovius Troyden
Category:The Tower of the Swallow characters,Gemma
Category:The Tower of the Swallow characters,Geoffrey Monck
Category:The Tower of the Swallow characters,Geralt of Rivia
Category:The Tower of the Swallow characters,Gerard Troyden
Category:The Tower of the Swallow characters,Giselher
Category:The Tower of the Swallow characters,Golan Drozdeck
Category:The Tower of the Swallow characters,Gosta
Category:The Tower of the Swallow characters,Goulue
Category:The Tower of the Swallow characters,Guiscard Vermuellen
Category:The Tower of the Swallow characters,Guthlaf
Category:The Tower of the Swallow characters,Henselt
Category:The Tower of the Swallow characters,Hjalmar an Craite
Category:The Tower of the Swallow characters,Homer Straggen
Category:The Tower of the Swallow characters,Horsehide
Category:The Tower of the Swallow characters,Hotspurn
Category:The Tower of the Swallow characters,Iola
Category:The Tower of the Swallow characters,Iola the Second
Category:The Tower of the Swallow characters,Iskra
Category:The Tower of the Swallow characters,Ithlinne
Category:The Tower of the Swallow characters,Jacob Fenn
Category:The Tower of the Swallow characters,Jan Calveit
Category:The Tower of the Swallow characters,Jan Cronin
Category:The Tower of the Swallow characters,Jarre
Category:The Tower of the Swallow characters,Jediah Mekesser
Category:The Tower of the Swallow characters,Joachim de Wett
Category:The Tower of the Swallow characters,Joanna Selborne
Category:The Tower of the Swallow characters,Juan Gutierrez
Category:The Tower of the Swallow characters,Julia Abatemarco
Category:The Tower of the Swallow characters,Kabernik Turent
Category:The Tower of the Swallow characters,Kamil Ronstetter
Category:The Tower of the Swallow characters,Katje
Category:The Tower of the Swallow characters,Kaveri
Category:The Tower of the Swallow characters,Kayleigh
Category:The Tower of the Swallow characters,Kelpie (horse)
Category:The Tower of the Swallow characters,Kohut
Category:The Tower of the Swallow characters,Lady de Lisemore
Category:The Tower of the Swallow characters,Lambert
Category:The Tower of the Swallow characters,Lara Dorren
Category:The Tower of the Swallow characters,Lebioda
Category:The Tower of the Swallow characters,Leo Bonhart
Category:The Tower of the Swallow characters,Lorenzo Molla
Category:The Tower of the Swallow characters,Lydia van Bredevoort
Category:The Tower of the Swallow characters,Mad Deï
Category:The Tower of the Swallow characters,Margarita Laux-Antille
Category:The Tower of the Swallow characters,Marie de Mercey
Category:The Tower of the Swallow characters,Markus Braibant
Category:The Tower of the Swallow characters,Marquard
Category:The Tower of the Swallow characters,Marquis de Mercey
Category:The Tower of the Swallow characters,Matilda de Nementh-Uyvar
Category:The Tower of the Swallow characters,Matted Hair
Category:The Tower of the Swallow characters,Mawr var Anahid
Category:The Tower of the Swallow characters,Menno Coehoorn
Category:The Tower of the Swallow characters,Meve
Category:The Tower of the Swallow characters,Michael de Noailles
Category:The Tower of the Swallow characters,Milo Vanderbeck
Category:The Tower of the Swallow characters,Milton de Peyrac-Peyran
Category:The Tower of the Swallow characters,Milva
Category:The Tower of the Swallow characters,Mistle
Category:The Tower of the Swallow characters,Muchomorek
Category:The Tower of the Swallow characters,Myrrha
Category:The Tower of the Swallow characters,Nenneke
Category:The Tower of the Swallow characters,Neratin Ceka
Category:The Tower of the Swallow characters,Novosad
Category:The Tower of the Swallow characters,Nycklar
Category:The Tower of the Swallow characters,Ola Harsheim
Category:The Tower of the Swallow characters,Paulie Dahlberg
Category:The Tower of the Swallow characters,Pennycuick
Category:The Tower of the Swallow characters,Philippa Eilhart
Category:The Tower of the Swallow characters,Prine
Category:The Tower of the Swallow characters,Radcliffe
Category:The Tower of the Swallow characters,Radovid I
Category:The Tower of the Swallow characters,Radovid III
Category:The Tower of the Swallow characters,Radovid V
Category:The Tower of the Swallow characters,Raymund
Category:The Tower of the Swallow characters,Reef
Category:The Tower of the Swallow characters,Reynart de Bois-Fresnes
Category:The Tower of the Swallow characters,Rhyd
Category:The Tower of the Swallow characters,Riannon
Category:The Tower of the Swallow characters,Rience
Category:The Tower of the Swallow characters,Rispat La Pointe
Category:The Tower of the Swallow characters,Roach
Category:The Tower of the Swallow characters,Roderick de Novembre
Category:The Tower of the Swallow characters,Rupert (The Tower of the Swallow)
Category:The Tower of the Swallow characters,Scarra sisters
Category:The Tower of the Swallow characters,Schirrú
Category:The Tower of the Swallow characters,Schliemann
Category:The Tower of the Swallow characters,Sheala de Tancarville
Category:The Tower of the Swallow characters,Sigismund Dijkstra
Category:The Tower of the Swallow characters,Sigrdrifa
Category:The Tower of the Swallow characters,Stavro
Category:The Tower of the Swallow characters,Stigward
Category:The Tower of the Swallow characters,Surcratasse
Category:The Tower of the Swallow characters,Sven (Guthlaf's father)
Category:The Tower of the Swallow characters,Talbot
Category:The Tower of the Swallow characters,Tankred Thyssen
Category:The Tower of the Swallow characters,Til Echrade
Category:The Tower of the Swallow characters,Tissaia de Vries
Category:The Tower of the Swallow characters,Torres var Emreis
Category:The Tower of the Swallow characters,Triss Merigold
Category:The Tower of the Swallow characters,Troyden
Category:The Tower of the Swallow characters,Valdez
Category:The Tower of the Swallow characters,Vattier de Rideaux
Category:The Tower of the Swallow characters,Vesemir
Category:The Tower of the Swallow characters,Vilgefortz
Category:The Tower of the Swallow characters,Vissegerd
Category:The Tower of the Swallow characters,Vizimir II
Category:The Tower of the Swallow characters,Vysogota of Corvo
Category:The Tower of the Swallow characters,Walter Beda
Category:The Tower of the Swallow characters,Weasel
Category:The Tower of the Swallow characters,Windsor Imbra
Category:The Tower of the Swallow characters,Xarthisius
Category:The Tower of the Swallow characters,Yarpen Zigrin
Category:The Tower of the Swallow characters,Yennefer of Vengerberg
Category:The Tower of the Swallow characters,Yirrel
Category:The Tower of the Swallow characters,Yuz Jannowitz
Category:The Tower of the Swallow characters,Zdyb
Category:The Tower of the Swallow characters,Zuleyka
Category:The Tower of the Swallow characters,Zyvik
Category:Time of Contempt characters,Abdank
Category:Time of Contempt characters,Agnes of Glanville
Category:Time of Contempt characters,Aine Dermott
Category:Time of Contempt characters,Akerspaark
Category:Time of Contempt characters,Akerspaark's children
Category:Time of Contempt characters,Alia Akerspaark
Category:Time of Contempt characters,Aplegatt
Category:Time of Contempt characters,April Wenhaver
Category:Time of Contempt characters,Ardal aep Dahy
Category:Time of Contempt characters,Argentina Akerspaark
Category:Time of Contempt characters,Artaud Terranova
Category:Time of Contempt characters,Asse
Category:Time of Contempt characters,Audegast
Category:Time of Contempt characters,Augusta Wagner
Category:Time of Contempt characters,Aurora Henson
Category:Time of Contempt characters,Bernie Hofmeier
Category:Time of Contempt characters,Bianca d'Este
Category:Time of Contempt characters,Blaise
Category:Time of Contempt characters,Blue Knight
Category:Time of Contempt characters,Bode
Category:Time of Contempt characters,Bronibor
Category:Time of Contempt characters,Cahir Mawr Dyffryn aep Ceallach
Category:Time of Contempt characters,Cairbre aep Diared
Category:Time of Contempt characters,Calanthe
Category:Time of Contempt characters,Carduin
Category:Time of Contempt characters,Carla Demetia Crest
Category:Time of Contempt characters,Ceallach aep Gruffyd
Category:Time of Contempt characters,Cinia Hofmeier
Category:Time of Contempt characters,Ciri
Category:Time of Contempt characters,Cirilla Fiona (imposter)
Category:Time of Contempt characters,Clara aep Gwydolyn Gor
Category:Time of Contempt characters,Codringher
Category:Time of Contempt characters,Coën
Category:Time of Contempt characters,Cregennan of Lod
Category:Time of Contempt characters,Dagorad
Category:Time of Contempt characters,Dandelion
Category:Time of Contempt characters,Demavend III
Category:Time of Contempt characters,Dervla Tryffin Broinne
Category:Time of Contempt characters,Detmold
Category:Time of Contempt characters,Digod
Category:Time of Contempt characters,Dorregaray
Category:Time of Contempt characters,Drithelm
Category:Time of Contempt characters,Effenberg
Category:Time of Contempt characters,Eist Tuirseach
Category:Time of Contempt characters,Eithné
Category:Time of Contempt characters,Elan Trahe
Category:Time of Contempt characters,Elen of Kaedwen
Category:Time of Contempt characters,Emhyr var Emreis
Category:Time of Contempt characters,Eredin Bréacc Glas
Category:Time of Contempt characters,Ervyll
Category:Time of Contempt characters,Eskel
Category:Time of Contempt characters,Esterad Thyssen
Category:Time of Contempt characters,Ethain
Category:Time of Contempt characters,Ettariel
Category:Time of Contempt characters,Evan Helvet
Category:Time of Contempt characters,Fabio Sachs
Category:Time of Contempt characters,Fabio Sachs (senior)
Category:Time of Contempt characters,Falka
Category:Time of Contempt characters,Falka (alias)
Category:Time of Contempt characters,Fauve
Category:Time of Contempt characters,Fercart
Category:Time of Contempt characters,Filavandrel aén Fidháil
Category:Time of Contempt characters,Fiona
Category:Time of Contempt characters,Flavius Michelet
Category:Time of Contempt characters,Flourens Delannoy
Category:Time of Contempt characters,Foltest
Category:Time of Contempt characters,Francesca Findabair
Category:Time of Contempt characters,Franklin Hofmeier
Category:Time of Contempt characters,Geoffrey Monck
Category:Time of Contempt characters,Geralt of Rivia
Category:Time of Contempt characters,Gerhart of Aelle
Category:Time of Contempt characters,Giambattista
Category:Time of Contempt characters,Giselher
Category:Time of Contempt characters,Gonzalez Akerspaark
Category:Time of Contempt characters,Gorazd
Category:Time of Contempt characters,Gorm Akerspaark
Category:Time of Contempt characters,Hansom
Category:Time of Contempt characters,Hedwig of Malleore
Category:Time of Contempt characters,Heimo Kantor
Category:Time of Contempt characters,Henselt
Category:Time of Contempt characters,Herbert Stammelford
Category:Time of Contempt characters,Hereward
Category:Time of Contempt characters,Horm Akerspaark
Category:Time of Contempt characters,Hoët
Category:Time of Contempt characters,Hrafnir
Category:Time of Contempt characters,Hugo Ansbach
Category:Time of Contempt characters,Ihuarraquax
Category:Time of Contempt characters,Ilona Laux-Antille
Category:Time of Contempt characters,Immanuel Benavent
Category:Time of Contempt characters,Iskra
Category:Time of Contempt characters,Ithlinne
Category:Time of Contempt characters,Ivo Richert
Category:Time of Contempt characters,Jacob Fenn
Category:Time of Contempt characters,Jada Glevissig
Category:Time of Contempt characters,Jan Bekker
Category:Time of Contempt characters,Jan Calveit
Category:Time of Contempt characters,Jarre
Category:Time of Contempt characters,Joachim de Wett
Category:Time of Contempt characters,Justin Ingvar
Category:Time of Contempt characters,Kayleigh
Category:Time of Contempt characters,Keira Metz
Category:Time of Contempt characters,King of the Wild Hunt
Category:Time of Contempt characters,Klara Larissa de Winter
Category:Time of Contempt characters,Korin
Category:Time of Contempt characters,Kraska
Category:Time of Contempt characters,Lambert
Category:Time of Contempt characters,Lara Dorren
Category:Time of Contempt characters,Lars
Category:Time of Contempt characters,Leila
Category:Time of Contempt characters,Leticia Charbonneau
Category:Time of Contempt characters,Little Yaxa
Category:Time of Contempt characters,Lodovico Michelet
Category:Time of Contempt characters,Lutz
Category:Time of Contempt characters,Lydia van Bredevoort
Category:Time of Contempt characters,Malvina Akerspaark
Category:Time of Contempt characters,Mansfeld
Category:Time of Contempt characters,Marder
Category:Time of Contempt characters,Margarita Laux-Antille
Category:Time of Contempt characters,Markus Braibant
Category:Time of Contempt characters,Marquard
Category:Time of Contempt characters,Marti Södergren
Category:Time of Contempt characters,Menno Coehoorn
Category:Time of Contempt characters,Meve
Category:Time of Contempt characters,Michael Glomb
Category:Time of Contempt characters,Michelet brothers
Category:Time of Contempt characters,Milan Raupenneck
Category:Time of Contempt characters,Millet
Category:Time of Contempt characters,Milva
Category:Time of Contempt characters,Mistle
Category:Time of Contempt characters,Molnar Giancardi
Category:Time of Contempt characters,Morvran Voorhis
Category:Time of Contempt characters,Nazarian
Category:Time of Contempt characters,Nenneke
Category:Time of Contempt characters,Niedamir
Category:Time of Contempt characters,Nina Akerspaark
Category:Time of Contempt characters,Nina Fioravanti
Category:Time of Contempt characters,Nitert
Category:Time of Contempt characters,Nora Wagner
Category:Time of Contempt characters,Orm Akerspaark
Category:Time of Contempt characters,Paulie Dahlberg
Category:Time of Contempt characters,Paulina Akerspaark
Category:Time of Contempt characters,Pavetta
Category:Time of Contempt characters,Pegasus
Category:Time of Contempt characters,Peter Evertsen
Category:Time of Contempt characters,Petunia Hofmeier
Category:Time of Contempt characters,Philippa Eilhart
Category:Time of Contempt characters,Pitcairn Godyvron
Category:Time of Contempt characters,Radcliffe
Category:Time of Contempt characters,Radmir
Category:Time of Contempt characters,Raffard the White
Category:Time of Contempt characters,Ralf Blunden
Category:Time of Contempt characters,Ransant Alvaro
Category:Time of Contempt characters,Rayla
Category:Time of Contempt characters,Reef
Category:Time of Contempt characters,Rejean
Category:Time of Contempt characters,Remiz
Category:Time of Contempt characters,Rience
Category:Time of Contempt characters,Rizzi Michelet
Category:Time of Contempt characters,Roach
Category:Time of Contempt characters,Roderick de Novembre
Category:Time of Contempt characters,Roegner of Ebbing
Category:Time of Contempt characters,Rudiger
Category:Time of Contempt characters,Sabrina Glevissig
Category:Time of Contempt characters,Schirrú
Category:Time of Contempt characters,Sigismund Dijkstra
Category:Time of Contempt characters,Sir Sweers
Category:Time of Contempt characters,Skomlik
Category:Time of Contempt characters,Stahler
Category:Time of Contempt characters,Stefan Skellen
Category:Time of Contempt characters,Stella Congreve
Category:Time of Contempt characters,Talbot
Category:Time of Contempt characters,Tangerinka Hofmeier
Category:Time of Contempt characters,Tissaia de Vries
Category:Time of Contempt characters,Torm Akerspaark
Category:Time of Contempt characters,Toruviel
Category:Time of Contempt characters,Toublanc Michelet
Category:Time of Contempt characters,Triss Merigold
Category:Time of Contempt characters,Two Tusks
Category:Time of Contempt characters,Valia Akerspaark
Category:Time of Contempt characters,Vattier de Rideaux
Category:Time of Contempt characters,Venzlav
Category:Time of Contempt characters,Vercta
Category:Time of Contempt characters,Vesemir
Category:Time of Contempt characters,Vilgefortz
Category:Time of Contempt characters,Villis
Category:Time of Contempt characters,Vissegerd
Category:Time of Contempt characters,Vizimir II
Category:Time of Contempt characters,Voymir (Redanian)
Category:Time of Contempt characters,Wilfli
Category:Time of Contempt characters,Willemer
Category:Time of Contempt characters,Xarthisius
Category:Time of Contempt characters,Yaevinn
Category:Time of Contempt characters,Yanna of Murivel
Category:Time of Contempt characters,Yarpen Zigrin
Category:Time of Contempt characters,Yennefer of Vengerberg
Category:Time of Contempt characters,Yiolenta Suarez
Category:Time of Contempt characters,Zyvik
